"M";"FOM";"U1";"U2";"U3";"U4";"U5";"U6";"U7";"K1";"K2";"K3";"K4";"K5";"K6";"K7";"L1";"L2";"L3";"L4";"L5";"L6";"G1";"G2";"G3";"G4";"G5";"G6";"P1";"P2";"P3";"P4";"P5";"P6";"M1";"M2";"M3";"M4";"M5";"M6";"M7";"M8";"M9";"M10";"M11";"M12";"M13";"M14";"M15";"M16";"M17";"M18";"M19";"M20";"M21";"M22";"M23";"M24";"M25";"M26";"H1";"H2";"H3";"H4";"H5";"H6";"H7";"H8";"H9";"H10";"H11";"H12";"H13";"H14";"H15";"H16";"H17";"H18";"H19";"H20";"H21";"H22";"H23";"H24";"H25";"H26";"F1";"F2";"F3";"F4";"F5";"F6";"F7";"N";"W1";"W2";"W3";"W4";"W5";"W6";"W7";"W8";"W9";"W001_10";"W001_11";"E1";"E2";"E3";"E4";"E5";"E6";"E7";"E8";"E9";"E10";"E11";"E12";"E13";"E14";"E15";"E16";"E17";"D1";"D2";"D3";"D4";"D5";"D6";"D7";"D8"
"549303";"Münster";4;5;7;5;6;8;7;6;4;7;6;8;9;3;4;9;6;5;10;7;20;100;300;30;100;0;4;6;5;6;9;5;6;9;4;6;5;6;8;10;2;4;6;6;8;7;9;6;7;6;3;1;2;3;4;7;8;7;8;9;1;3;2;1;6;8;0;2;4;7;6;8;9;5;4;2;5;3;0;5;8;4;4;3;3;2;2;2;4;5;5;1;7;5;1;2;1;6;3;4;5;4;6;2;2;3;2;3;2;4;2;4;1;3;4;1;1;5;2;4;21;1;3;3;1;2;"48167";1
"545845";"Münster";10;10;9;8;10;10;7;10;10;10;10;10;5;4;8;10;10;8;7;6;200;200;1000;200;200;100;8;10;7;5;4;6;10;10;8;10;8;7;6;6;3;10;10;10;3;10;10;8;6;5;4;6;10;6;5;10;10;8;6;8;0;8;7;0;0;6;0;10;10;10;2;10;10;8;4;0;2;5;8;2;2;10;10;6;7;5;5;0;0;4;0;3;5;4;4;4;4;5;4;4;7;5;4;3;3;2;2;2;2;2;2;2;2;2;2;2;2;2;2;2;58;2;3;1;1;3;"48336";1
"553803";"Münster";10;10;10;9;9;10;9;10;8;10;8;10;7;10;9;10;8;10;9;9;35;250;125;100;150;30;8;10;9;9;10;9;9;10;8;9;9;8;7;8;4;9;10;9;7;8;10;9;8;10;8;10;9;9;8;9;10;10;5;7;0;6;9;5;0;7;0;8;9;5;4;6;7;7;6;10;0;9;8;0;7;9;10;9;9;6;8;0;0;5;0;1;2;2;1;1;6;2;3;6;2;6;7;1;1;2;4;1;2;5;2;3;3;1;2;1;1;5;1;4;67;2;5;3;1;2;"59494";NA
"534352";"Münster";10;10;10;10;10;10;9;10;6;9;0;10;0;5;6;10;0;0;7;7;0;0;0;0;0;0;8;10;0;7;6;0;9;10;10;8;8;8;7;7;5;9;9;7;7;9;9;7;10;9;7;7;6;8;7;10;9;9;7;9;0;0;4;8;2;8;0;7;7;7;4;8;7;0;7;8;NA;2;5;2;3;4;10;0;10;0;0;2;0;5;8;3;7;5;3;3;1;6;3;7;6;7;4;7;6;6;2;2;4;6;4;4;6;5;6;1;5;4;2;4;16;2;1;5;1;2;"48653";1
"548660";"Münster";10;10;10;10;10;10;10;8;8;8;10;10;5;10;6;10;0;10;5;5;50;300;250;20;150;10;10;7;8;8;8;8;10;10;8;10;10;4;4;2;2;10;10;3;3;10;10;6;10;10;10;10;10;5;5;10;10;10;0;10;0;6;5;0;0;10;5;10;10;0;0;10;10;10;10;10;2;10;10;5;2;10;10;10;10;0;4;0;0;0;0;3;6;6;3;3;6;7;5;7;7;7;7;3;7;2;7;4;6;7;4;2;1;1;1;2;3;6;6;7;68;1;5;1;1;1;"48167";NA
"547163";"Münster";10;10;10;10;10;10;10;10;10;10;10;10;10;10;5;5;5;5;5;5;100;120;400;100;10;0;5;5;5;5;5;5;6;6;6;6;3;5;5;5;6;6;4;5;6;5;5;5;5;5;5;5;6;6;6;6;6;6;2;2;6;3;4;4;4;8;0;5;6;5;6;6;6;6;7;8;8;8;5;5;5;6;8;8;10;7;8;9;8;9;10;3;7;7;5;5;7;5;6;5;4;6;5;7;6;6;6;7;6;5;5;5;6;5;5;6;7;7;6;7;63;2;5;1;1;2;"45772";2
"549303";"Münster";7;6;10;9;10;10;10;10;7;3;3;10;3;8;7;8;5;6;5;5;250;50;50;75;100;40;7;4;5;6;6;8;8;9;5;9;8;6;4;7;3;9;7;7;5;8;8;6;7;9;6;8;9;6;5;8;9;10;3;7;0;4;4;4;2;5;0;7;3;5;2;3;2;3;2;6;5;8;5;0;5;6;4;6;6;1;1;0;0;0;0;3;6;6;4;3;2;6;4;6;6;4;6;3;5;4;2;4;2;5;4;4;2;4;4;2;2;5;3;6;19;1;3;1;1;4;"45721";1
"551605";"Münster";8;8;9;9;8;8;7;8;5;5;7;10;4;7;6;9;7;7;3;4;100;70;0;60;50;50;5;9;3;4;4;3;9;9;5;7;9;9;9;7;7;10;10;9;9;9;10;9;9;9;9;10;10;5;9;9;9;9;1;6;0;4;5;8;2;7;1;8;8;10;2;7;8;4;1;2;3;1;9;1;2;9;7;4;10;0;2;0;0;0;2;3;7;4;3;4;2;7;6;7;5;6;7;3;5;6;2;6;4;7;2;2;2;7;3;6;3;5;6;6;19;2;3;3;1;3;"48734";1
"551605";"Münster";8;8;8;6;9;8;7;10;8;10;8;10;6;10;1;8;5;8;2;6;80;140;325;100;70;30;2;5;6;6;2;2;8;10;10;10;10;10;7;2;0;10;10;10;10;10;10;9;10;10;10;10;10;10;10;9;10;10;2;8;0;6;4;9;6;9;0;8;7;5;5;5;6;7;9;9;2;0;8;1;7;2;2;8;5;1;0;0;0;2;0;3;7;6;1;4;6;6;7;7;6;2;7;4;4;3;1;1;2;6;1;1;2;3;3;1;5;6;6;7;49;2;5;1;1;2;"48249";1
"549303";"Münster";8;8;9;7;8;9;7;10;8;8;9;10;6;7;6;8;7;7;6;7;100;400;150;50;200;20;9;9;8;10;8;10;6;8;1;6;9;9;7;6;0;8;8;8;8;7;7;3;3;2;6;4;6;7;6;7;4;5;7;8;0;5;10;10;7;7;1;7;6;7;7;6;7;3;2;0;2;2;5;4;4;3;5;5;10;2;8;0;6;3;1;1;5;4;5;3;3;3;3;6;6;5;6;6;5;4;3;3;4;3;3;2;2;1;3;2;4;5;5;6;36;2;3;3;4;1;"48147";2
"547163";"Münster";6;6;8;8;8;8;9;6;8;8;8;9;9;7;7;7;7;6;6;6;50;120;420;100;10;0;9;9;8;8;8;7;8;8;5;8;6;6;6;6;7;8;6;7;7;10;10;10;5;5;5;7;7;7;8;8;5;5;8;8;7;6;6;6;7;7;7;7;8;10;10;5;10;5;8;8;8;8;8;5;5;5;4;4;5;0;4;5;8;5;5;3;6;7;6;4;5;4;5;5;5;4;6;6;5;5;5;6;4;4;7;5;2;2;3;4;5;4;5;4;66;2;5;1;1;2;"45772";1
"544775";"Münster";8;9;10;10;9;10;3;0;0;0;0;8;0;0;7;6;2;5;4;2;150;100;500;200;200;100;2;0;2;4;0;0;7;9;8;8;2;6;5;2;3;10;9;7;7;9;9;10;6;10;8;9;10;9;8;10;10;9;1;3;0;0;0;0;0;6;0;8;6;0;0;6;7;9;0;9;7;0;9;3;3;7;8;7;7;0;0;0;0;0;0;3;7;5;4;4;1;6;2;6;6;6;7;3;4;3;1;1;1;7;5;1;1;1;1;1;2;5;7;7;49;1;3;1;2;3;"48485";1
"548121";"Münster";2;6;4;3;4;2;2;8;5;10;8;10;8;10;3;6;5;2;3;6;600;400;600;400;800;500;2;0;6;5;3;3;2;8;3;7;8;8;8;3;3;7;7;8;4;6;7;8;5;9;8;8;7;4;10;10;9;9;0;7;0;5;2;0;0;1;2;8;2;2;0;0;1;7;2;8;3;3;1;0;1;9;5;2;6;2;3;0;0;5;0;3;7;5;6;6;1;7;3;1;6;5;7;7;7;7;1;5;7;7;5;6;5;2;6;2;7;3;2;2;41;1;3;4;4;1;"48149";1
"552753";"Münster";9;9;9;10;8;7;9;8;6;5;3;3;2;4;5;8;4;7;2;8;80;150;80;40;20;20;5;7;6;6;5;8;8;10;6;8;7;7;4;8;1;9;8;7;2;10;5;2;5;8;5;8;7;2;7;6;4;8;0;8;6;9;4;4;0;10;0;8;7;8;5;9;8;1;2;7;0;6;7;0;9;6;3;8;7;0;2;0;0;0;1;3;5;2;2;1;6;6;6;7;6;5;4;1;1;3;2;1;2;3;4;3;4;2;3;1;4;5;4;5;72;2;5;5;1;2;"48703";NA
"545845";"Münster";9;8;8;7;8;9;8;10;7;9;9;10;7;9;5;10;8;7;7;7;200;200;700;100;100;50;3;8;4;4;3;4;8;7;8;8;8;7;8;6;7;9;9;7;7;7;8;8;8;8;8;7;7;7;8;10;9;8;3;4;3;1;0;3;4;4;0;8;8;3;4;2;2;2;7;7;3;0;2;0;8;7;7;6;10;0;0;0;0;4;0;3;7;3;2;2;1;3;1;3;5;5;4;1;4;2;2;2;2;4;3;2;2;2;2;1;4;4;7;7;38;1;3;3;2;2;"48231";1
"550271";"Münster";9;9;9;9;7;10;2;8;8;6;8;8;6;6;7;8;7;4;6;7;125;300;700;150;380;100;5;8;7;4;4;7;9;10;4;6;8;6;2;5;2;8;8;8;5;8;8;8;8;7;6;6;8;4;7;8;8;8;4;5;0;5;10;10;0;10;0;8;6;8;10;8;8;10;4;7;6;6;6;4;7;10;8;8;8;0;5;0;0;2;0;1;2;2;3;4;5;5;2;6;4;6;7;5;5;5;2;2;5;5;1;1;1;6;5;3;2;5;2;6;55;2;3;1;2;1;"58099";1
"554339";"Münster";6;5;6;5;7;7;8;2;3;6;4;8;4;6;4;7;5;4;7;6;50;120;200;40;90;20;2;6;5;2;5;8;8;6;4;4;2;2;2;6;0;9;9;9;5;9;8;8;5;9;9;10;8;4;5;6;9;8;7;4;0;5;1;1;1;4;0;7;7;10;6;10;6;8;4;10;10;10;8;3;4;6;8;9;8;0;0;0;0;0;0;3;6;4;3;2;3;3;3;5;5;5;4;1;1;3;6;4;5;4;4;3;5;5;4;3;1;1;4;6;68;1;5;1;1;3;"48317";1
"546799";"Münster";9;9;10;7;9;9;9;8;9;7;9;10;5;8;7;8;6;6;6;8;30;170;300;30;150;25;7;6;8;9;5;8;8;9;6;9;4;3;4;4;4;9;9;9;9;9;9;9;7;8;9;8;8;8;9;7;8;8;8;2;0;10;2;2;1;4;2;4;4;9;9;9;9;6;2;6;6;6;6;3;9;5;2;6;9;0;2;0;0;8;5;3;7;7;5;5;1;5;2;1;3;7;7;2;4;1;1;1;1;6;1;1;1;1;1;1;2;2;2;4;21;1;2;3;4;1;"48159";NA
"545845";"Münster";8;10;10;8;10;10;8;10;8;8;9;9;7;7;4;10;6;8;5;5;20;400;100;300;50;5;5;8;8;9;8;5;8;8;8;5;6;6;2;2;0;8;8;8;8;6;6;5;5;6;5;5;6;0;3;0;8;8;0;7;0;5;8;5;0;0;0;10;8;6;5;9;8;0;0;10;0;0;6;0;0;8;9;7;10;0;0;0;0;0;0;3;5;1;1;1;1;1;1;1;7;7;5;5;7;7;3;1;1;2;2;4;3;6;2;1;7;3;4;4;49;2;3;1;1;2;"48231";1
"546880";"Münster";10;8;10;10;10;8;7;10;10;8;8;10;3;10;8;10;8;8;5;10;300;500;1600;100;150;50;8;10;8;10;7;8;8;10;5;10;10;7;10;10;8;10;5;10;5;10;10;10;10;10;5;10;10;5;5;10;10;10;0;4;0;4;8;5;8;8;0;8;5;10;5;10;10;0;5;5;0;5;5;0;5;8;10;5;10;5;5;0;0;0;0;3;4;6;4;2;1;7;4;7;7;7;6;1;6;7;1;1;3;7;1;1;3;7;2;5;1;3;3;6;37;1;3;1;2;3;"49429";3
"545908";"Münster";8;8;10;8;9;8;9;10;8;10;10;10;8;10;5;8;7;8;7;8;700;350;150;150;300;50;4;5;6;6;8;8;10;10;8;10;10;7;7;7;5;10;10;10;9;6;8;7;10;10;10;10;10;8;10;10;10;10;0;3;0;0;1;0;0;1;0;8;7;10;10;10;10;8;4;8;5;5;7;0;5;10;10;8;10;1;1;0;0;3;0;3;6;4;6;7;4;7;4;5;6;6;7;2;4;3;5;2;5;7;5;5;5;3;3;1;2;6;4;5;63;1;3;1;2;1;"48161";1
"550271";"Münster";9;8;8;6;8;7;7;6;8;6;5;9;3;5;10;6;7;6;6;9;150;300;500;100;300;50;5;8;8;7;4;9;9;10;5;6;8;6;5;6;4;6;6;8;5;6;6;8;8;6;6;6;8;4;8;8;8;8;4;6;0;6;3;6;5;8;2;6;6;8;8;8;7;9;6;7;6;8;8;4;8;10;8;8;6;0;2;0;0;2;0;3;3;2;3;2;1;3;4;4;3;6;3;1;2;2;1;1;2;3;2;2;1;2;2;1;4;5;3;6;52;1;3;1;2;1;"58099";1
"546881";"Münster";9;8;9;9;8;8;8;2;3;2;1;4;2;2;7;8;8;6;5;6;100;250;150;50;65;35;5;8;7;8;6;8;7;8;3;9;5;5;4;6;2;8;8;7;6;8;7;6;6;6;8;8;8;8;7;6;6;5;3;6;0;5;5;5;4;7;0;9;9;6;5;8;8;4;2;6;7;5;10;3;5;9;6;5;9;0;0;0;0;2;0;3;3;3;1;1;4;5;2;7;6;3;3;1;4;2;2;3;3;2;1;1;1;1;1;2;1;4;2;3;64;1;3;1;2;1;"48167";1
"543073";"Münster";9;10;9;6;10;10;10;10;8;10;10;10;6;10;10;10;5;5;0;5;50;100;1000;200;50;0;5;0;0;6;4;10;10;10;5;8;5;0;0;8;0;10;10;0;6;10;10;4;5;10;7;10;8;0;3;10;8;8;10;8;0;10;0;0;0;8;0;8;8;5;6;8;10;3;0;10;0;10;8;0;3;10;8;8;10;0;0;0;0;0;0;3;6;6;4;5;7;7;3;7;7;5;7;4;4;4;3;2;1;6;4;4;4;3;3;2;6;6;7;7;73;2;5;1;2;4;"48308";NA
"542732";"Münster";10;10;10;10;10;10;10;10;8;10;8;10;6;8;10;10;8;8;7;7;150;200;700;150;50;50;10;10;8;8;6;6;10;7;5;5;5;5;5;5;3;10;10;3;3;8;10;8;8;10;10;10;8;3;8;10;8;8;3;6;3;1;7;0;1;5;0;8;8;2;0;8;8;3;5;8;2;8;5;2;1;9;5;3;10;0;8;0;0;0;0;1;7;4;2;3;2;4;4;3;7;5;5;5;7;7;3;3;5;5;4;3;3;6;5;2;5;4;3;6;32;2;3;3;4;1;"22769";1
"547952";"Münster";10;10;10;10;10;10;7;10;10;10;7;10;7;10;10;10;7;10;10;5;80;400;370;100;10;0;4;4;5;7;7;9;10;10;6;7;7;7;7;7;8;8;9;9;8;8;8;8;6;6;6;8;6;6;6;6;6;6;0;10;0;10;5;5;5;8;3;5;5;3;3;6;6;4;0;8;1;10;10;5;8;10;9;9;10;0;2;0;0;0;0;3;6;4;2;1;4;6;6;6;6;6;6;1;1;2;1;1;1;1;1;1;1;1;1;1;1;1;1;1;80;2;5;1;2;2;"48653";NA
"548121";"Münster";8;8;7;5;7;6;4;3;6;8;8;10;8;10;4;8;6;8;7;9;150;150;200;200;150;50;6;8;7;8;8;9;6;7;5;6;8;8;8;8;8;9;9;8;5;7;6;9;9;9;8;10;9;8;10;6;7;7;3;4;0;4;3;2;2;4;0;7;8;6;2;4;5;5;4;7;0;0;6;0;4;10;3;3;6;8;0;0;0;7;0;3;5;5;3;3;1;5;1;6;6;3;6;4;6;4;4;5;1;7;1;3;5;2;2;1;3;2;5;5;37;2;3;2;2;2;"48249";1
"547163";"Münster";6;7;7;5;8;8;8;5;5;5;6;10;5;10;6;8;6;6;6;6;100;60;100;50;50;5;2;5;4;6;2;6;7;6;6;8;7;7;6;6;6;8;8;7;6;5;5;0;4;6;3;5;2;1;4;2;4;6;5;8;0;6;7;9;5;9;4;7;6;5;6;4;5;0;1;5;0;4;2;0;2;10;10;5;7;5;5;0;2;3;0;3;6;3;3;3;2;2;5;4;4;5;5;2;4;5;3;2;4;6;4;4;4;2;2;2;3;4;2;5;49;1;3;1;1;3;"49536";1
"545845";"Münster";8;5;7;7;8;8;5;4;2;2;3;8;2;2;3;8;8;2;5;2;200;100;700;150;150;35;1;5;5;2;3;2;6;6;8;8;7;5;5;2;0;8;6;8;7;7;8;2;6;7;5;5;5;5;5;6;7;6;0;2;0;0;4;4;0;0;0;6;4;6;2;5;4;0;0;2;0;0;2;1;0;2;5;1;3;0;0;0;4;2;0;3;7;3;2;2;1;2;1;3;7;2;3;7;7;7;3;3;1;5;6;5;5;2;2;4;6;3;2;2;22;2;3;3;2;1;"48143";1
"553803";"Münster";10;10;10;10;8;9;9;4;4;4;6;9;3;8;6;7;6;5;3;5;70;250;0;100;150;30;2;2;3;4;1;5;7;8;7;7;7;5;3;5;2;7;7;6;3;3;5;6;4;7;5;6;7;4;6;9;5;6;2;10;0;3;3;2;0;1;0;7;5;0;1;0;0;4;0;7;1;0;6;0;1;8;8;7;9;1;1;0;0;2;0;3;7;5;4;6;1;2;2;5;3;4;6;1;6;7;1;2;1;7;5;3;3;1;2;1;4;6;3;3;25;1;2;1;1;1;"48149";NA
"547163";"Münster";9;9;8;10;9;9;10;4;6;6;6;7;6;7;9;8;6;6;10;8;100;200;800;100;50;20;0;0;5;5;5;8;10;10;5;8;8;2;5;10;8;10;10;6;6;8;5;4;8;10;10;10;10;10;8;10;10;10;10;0;5;8;10;1;0;10;9;10;10;5;5;1;1;8;1;10;8;2;10;1;5;8;10;8;8;8;5;0;0;7;2;3;7;6;6;6;1;4;2;7;7;6;6;3;6;4;1;1;1;2;1;1;2;3;1;3;5;1;2;2;29;1;3;3;3;1;"48159";3
"551299";"Münster";7;6;7;5;6;9;8;5;7;4;6;7;5;6;5;4;6;5;4;5;150;100;400;100;150;250;8;4;2;5;6;7;5;6;6;7;5;4;7;8;6;5;4;6;8;5;6;7;8;7;5;4;5;6;4;5;6;5;4;6;7;6;5;6;7;6;8;5;6;7;4;5;6;7;4;5;7;4;6;5;7;6;5;6;6;2;2;2;2;3;4;3;6;7;6;4;5;3;4;3;5;5;6;4;3;5;4;3;2;3;4;6;3;2;5;3;4;5;3;2;37;1;3;3;2;3;"46359";2
"550271";"Münster";10;10;10;10;10;10;10;8;8;8;8;10;6;8;10;10;8;10;8;10;50;300;500;100;200;50;10;10;10;10;8;10;8;10;5;8;8;8;8;6;4;8;8;6;6;6;6;6;6;8;5;5;6;5;8;6;8;8;8;10;5;8;10;8;8;10;8;10;10;10;10;10;10;10;8;10;6;10;8;2;10;10;10;10;10;2;8;2;0;4;0;1;4;2;4;4;4;4;6;6;6;7;7;2;3;3;1;1;1;2;1;1;1;1;1;1;2;4;2;5;64;2;3;3;4;1;"49090";2
"552753";"Münster";6;7;8;10;5;7;7;8;7;9;5;10;5;9;6;8;5;2;9;1;40;200;70;50;50;20;4;2;4;9;9;10;7;8;6;10;5;5;2;8;1;8;8;5;1;8;8;1;9;6;2;9;4;4;8;5;5;8;3;6;1;4;5;5;0;7;2;5;7;2;2;8;7;0;5;6;1;9;1;0;7;7;4;2;5;0;0;0;0;0;0;3;6;3;1;2;7;6;6;5;7;4;6;1;1;2;1;1;1;5;5;4;6;2;1;1;2;3;3;4;85;2;5;5;1;2;"48703";NA
"545908";"Münster";10;10;10;10;10;8;8;10;3;8;8;10;2;10;10;10;5;10;4;10;350;300;300;150;200;30;0;3;8;9;7;9;10;10;10;10;10;10;10;5;10;10;10;10;6;10;10;10;10;10;3;10;10;3;10;10;10;10;10;10;8;5;10;10;8;10;10;10;10;0;0;10;10;5;5;10;0;10;10;0;10;10;10;8;10;8;8;6;5;3;0;1;5;3;1;1;1;7;7;1;7;7;7;2;3;7;7;7;2;7;1;2;7;1;2;1;1;1;1;7;63;2;3;1;2;2;"48231";1
"547163";"Münster";7;6;6;6;6;7;7;6;7;8;8;8;7;7;6;6;5;5;6;5;70;100;350;80;20;0;10;8;7;8;9;8;8;7;7;8;10;10;10;10;3;5;3;8;8;8;5;5;4;4;4;7;6;6;6;6;6;4;7;8;3;10;5;6;7;5;5;8;5;5;5;5;5;5;7;7;7;8;8;5;5;4;4;4;8;4;5;6;8;7;8;3;6;7;7;6;7;6;6;6;5;6;5;6;5;6;6;4;4;4;4;4;7;6;6;5;5;6;5;6;68;2;5;1;1;2;"45772";1
"554339";"Münster";9;9;7;6;7;9;9;9;8;8;7;9;9;6;5;9;8;8;7;5;200;170;100;40;30;10;4;7;7;6;6;5;10;10;8;10;9;9;8;5;0;10;10;9;9;8;8;8;3;9;9;9;7;5;7;9;9;9;0;4;0;0;3;3;2;4;0;5;9;7;3;7;6;6;1;7;3;6;6;2;5;9;9;8;2;0;2;0;0;0;0;3;6;5;5;5;1;2;2;5;4;4;4;5;6;2;2;2;3;4;6;6;6;3;2;2;2;6;4;6;36;1;3;3;3;4;"48317";1
"551255";"Münster";7;7;9;8;10;9;6;7;10;9;10;9;8;10;5;8;7;10;10;8;100;250;150;100;75;25;6;7;6;9;9;10;8;8;7;4;9;9;8;7;0;10;10;0;0;4;6;9;10;9;7;10;10;0;7;8;8;7;0;8;0;0;3;3;4;10;0;9;10;0;0;0;8;9;8;9;0;10;8;0;4;8;8;6;7;3;2;4;0;0;0;3;7;3;1;7;1;1;7;6;7;6;7;5;4;4;4;4;5;6;7;5;4;5;3;5;4;6;5;4;84;1;5;1;2;4;"46325";NA
"546880";"Münster";8;8;10;8;5;10;10;8;10;8;10;10;7;10;5;6;6;6;6;8;150;450;100;50;300;100;7;7;6;9;4;4;9;10;0;10;7;7;7;3;3;6;6;8;4;8;8;5;7;7;8;8;10;10;10;7;10;10;1;8;5;10;7;7;4;3;1;2;2;3;3;4;4;4;5;5;0;4;0;0;4;8;1;2;9;4;3;0;0;2;0;3;2;1;2;3;2;6;6;6;7;6;5;3;1;1;2;2;7;3;1;1;1;6;2;3;1;1;2;5;59;2;3;1;2;1;"48165";1
"548121";"Münster";NA;NA;NA;NA;NA;NA;NA;NA;NA;NA;NA;NA;NA;NA;NA;NA;NA;NA;NA;NA;NA;NA;NA;NA;NA;NA;NA;NA;NA;NA;NA;NA;NA;NA;NA;NA;NA;NA;NA;NA;NA;NA;NA;NA;NA;NA;NA;NA;NA;NA;NA;NA;NA;NA;NA;NA;NA;NA;NA;NA;NA;NA;NA;NA;NA;NA;NA;NA;NA;NA;NA;NA;NA;NA;NA;NA;NA;NA;NA;NA;NA;NA;NA;NA;NA;NA;NA;NA;NA;NA;NA;NA;NA;NA;NA;NA;NA;NA;NA;NA;NA;NA;NA;NA;NA;NA;NA;NA;NA;NA;NA;NA;NA;NA;NA;NA;NA;NA;NA;NA;NA;NA;NA;NA;NA;NA;NA;NA
"547163";"Münster";9;8;8;8;8;6;8;7;7;7;6;8;8;6;7;6;7;8;8;5;50;180;465;5;0;10;5;4;5;4;6;5;5;4;6;5;6;6;6;7;6;6;6;8;4;9;9;2;7;7;8;6;7;8;8;8;8;8;7;5;5;6;6;6;7;1;7;7;8;4;5;5;5;5;8;7;7;7;9;9;9;4;4;4;8;5;6;7;7;7;7;3;6;6;6;4;4;5;6;7;7;6;6;6;7;7;5;6;7;6;7;5;5;7;5;6;5;5;6;7;72;1;5;1;1;2;"45770";1
"545908";"Münster";8;8;8;10;10;10;5;8;0;2;2;8;0;10;2;10;7;8;6;6;300;400;200;300;150;20;0;8;5;8;3;8;10;10;5;10;10;5;8;5;10;10;10;10;10;10;5;8;10;10;10;0;0;10;10;10;10;10;8;10;0;10;8;10;7;10;10;10;10;2;2;10;6;5;5;10;10;0;6;0;0;10;10;10;10;0;8;6;0;5;0;3;7;7;4;2;7;7;7;2;7;7;7;7;7;7;2;7;2;7;2;2;7;7;7;5;7;3;5;2;60;2;3;2;1;1;"48161";1
"546799";"Münster";10;10;10;10;10;10;8;10;9;9;10;10;5;8;8;10;8;9;9;8;80;130;500;200;200;20;6;10;8;10;8;10;8;9;6;9;9;9;8;9;8;10;10;8;7;9;10;10;10;7;8;7;7;7;8;8;8;8;1;5;0;5;7;7;7;8;6;8;8;7;7;6;7;7;10;5;7;7;8;7;5;7;4;6;10;8;8;3;4;6;5;3;7;7;1;2;4;4;4;4;4;7;6;2;6;2;3;4;6;7;3;2;3;6;6;3;5;4;4;6;51;2;3;1;1;1;"48143";1
"543073";"Münster";10;9;10;9;9;6;8;10;8;6;10;10;3;8;4;7;9;10;8;5;250;200;900;10;150;20;3;6;8;10;6;3;8;10;2;8;6;7;7;3;2;9;6;7;7;4;6;8;6;9;7;9;8;7;10;7;8;9;0;3;0;10;4;6;3;5;0;7;3;9;9;10;10;8;8;10;5;10;8;3;10;9;10;8;9;0;3;0;0;8;2;3;7;6;5;6;1;4;5;4;5;6;7;1;1;3;2;3;1;7;1;1;1;2;2;2;1;2;6;7;33;1;3;1;3;2;"58730";1
"547954";"Münster";5;5;5;5;6;6;7;7;6;5;5;4;4;4;5;6;6;5;5;6;100;150;300;50;50;30;9;5;4;5;4;7;9;5;5;6;6;5;5;4;5;6;5;5;6;7;4;6;7;8;7;6;5;6;7;8;5;8;5;5;5;6;6;5;6;7;7;5;4;6;6;5;6;5;6;6;5;6;5;6;5;7;10;10;5;8;7;6;7;8;6;3;5;5;4;5;6;4;4;5;4;4;4;6;6;5;4;7;6;5;5;6;7;5;4;7;5;4;5;5;23;1;2;3;1;3;"48432";NA
"552753";"Münster";8;9;9;10;9;10;9;9;9;5;7;10;8;7;4;3;4;7;2;8;150;400;200;100;250;200;2;2;5;7;4;8;6;8;5;7;5;6;2;8;4;7;7;8;6;8;7;5;7;6;4;6;6;1;6;10;10;8;1;7;1;8;2;2;1;8;5;6;6;5;2;9;5;2;8;6;2;8;2;0;2;10;10;10;9;5;2;0;2;1;5;3;4;2;3;2;3;5;5;7;6;6;3;4;6;4;1;2;3;5;2;2;2;1;1;2;4;6;5;5;52;2;4;2;4;2;"48703";NA
"545845";"Münster";10;10;9;8;10;9;8;10;10;8;9;10;6;8;8;10;8;4;3;3;300;400;1000;200;200;100;5;7;7;0;1;2;10;10;8;10;8;7;5;8;0;10;7;9;0;8;7;0;5;8;5;10;8;7;6;8;9;8;2;6;0;3;0;0;0;8;0;10;7;9;0;7;7;0;0;3;0;0;5;0;0;8;9;8;10;0;0;0;0;0;0;3;7;7;4;4;1;2;1;2;7;2;4;7;7;7;1;3;1;7;4;1;1;1;1;1;7;3;1;1;39;2;3;1;2;2;"48231";1
"549303";"Münster";5;9;10;7;8;10;7;10;8;8;8;10;8;10;7;4;5;7;5;6;130;350;1000;150;350;100;0;5;5;8;5;6;0;3;5;5;8;8;6;5;5;7;7;7;5;8;8;7;7;7;7;7;5;5;9;6;8;10;5;5;2;3;9;7;6;6;0;6;6;5;5;5;6;7;5;10;5;5;8;4;7;10;10;8;8;8;6;0;0;7;0;3;6;6;4;6;4;3;1;5;4;6;7;5;5;5;1;1;1;5;4;5;4;5;5;3;5;5;5;4;61;2;3;4;2;1;"48147";1
"542732";"Münster";10;10;10;10;10;10;10;10;10;10;10;10;10;10;8;8;8;8;8;8;150;300;200;150;300;50;8;8;10;10;10;10;8;8;8;10;8;8;8;8;8;8;8;10;10;7;7;7;7;9;9;10;8;8;8;8;7;8;0;7;0;6;6;5;0;7;0;8;8;5;5;8;5;5;6;8;0;3;8;0;6;10;10;7;8;0;0;0;0;0;0;3;5;5;3;3;5;5;4;5;6;6;6;2;2;2;2;2;2;7;2;2;2;1;1;1;4;4;4;4;68;1;5;3;2;2;"48268";NA
"546880";"Münster";8;9;10;9;10;10;9;10;8;10;7;10;5;7;5;8;6;9;8;7;150;250;100;100;50;50;3;5;8;6;5;6;6;8;2;8;7;7;5;6;2;8;7;9;8;9;9;7;6;8;10;9;8;8;8;8;8;7;2;4;0;2;6;9;3;8;0;8;8;9;8;10;8;2;8;9;6;2;4;0;2;10;10;6;7;0;0;0;0;0;0;3;6;5;3;2;1;3;3;6;6;4;3;5;6;4;5;2;2;7;4;2;5;4;6;3;6;6;4;5;29;1;3;3;2;1;"48165";1
"553301";"Münster";6;6;8;8;8;5;4;8;10;10;8;10;6;6;3;9;3;10;0;7;400;300;1000;100;500;200;0;7;5;10;0;3;8;10;4;8;7;7;7;0;0;5;7;6;6;6;8;8;8;10;8;7;7;7;7;7;7;7;3;5;8;0;8;9;4;0;0;8;7;7;6;10;8;8;9;7;8;0;0;5;6;8;7;7;7;0;5;0;0;3;0;3;6;5;4;3;2;5;2;5;2;6;5;3;3;1;1;1;1;4;4;3;5;1;1;1;1;6;3;3;30;1;3;1;3;2;"48321";1
"547163";"Münster";10;10;10;10;10;10;10;10;10;10;10;10;10;10;0;10;0;10;5;10;65;125;300;20;300;0;8;10;5;10;5;10;8;10;10;8;10;10;8;10;10;10;10;10;0;10;10;2;10;10;10;10;10;10;10;10;10;10;10;10;0;10;3;9;3;5;0;7;3;9;0;9;9;8;5;10;3;5;8;8;6;8;8;9;10;8;8;0;0;5;10;3;5;7;3;5;6;7;3;4;7;7;7;1;4;4;1;1;7;5;1;1;1;4;5;5;4;7;5;7;24;2;3;3;2;2;"45770";1
"542732";"Münster";4;6;5;8;7;6;10;5;5;6;6;8;6;7;7;7;4;5;6;8;160;200;500;55;0;0;6;6;5;5;6;6;8;7;8;6;5;5;6;8;7;5;4;6;6;5;5;4;5;6;7;5;6;3;6;8;7;6;7;8;7;8;5;5;6;4;5;5;6;5;4;5;5;7;4;6;8;6;7;4;6;7;6;5;6;5;1;1;4;2;6;3;6;5;4;4;1;5;6;5;3;5;7;4;3;4;5;2;2;4;3;5;4;2;5;3;2;3;2;4;70;2;5;1;1;3;"49497";NA
"547954";"Münster";7;6;8;5;5;5;3;4;3;3;3;7;1;5;2;5;3;3;5;3;130;50;0;100;80;50;3;8;5;4;5;5;10;10;5;8;4;4;4;4;5;8;10;7;7;7;6;5;7;6;5;5;10;5;5;1;3;5;10;5;0;6;2;2;2;1;2;7;8;5;5;4;3;2;0;6;3;2;10;2;1;1;2;1;7;0;3;1;0;1;0;3;5;4;3;3;1;5;3;5;3;3;5;6;6;5;5;5;5;6;6;4;5;6;4;3;6;6;3;3;21;2;3;1;2;4;"48432";1
"553803";"Münster";10;10;10;8;10;10;10;10;6;10;8;10;8;10;8;10;8;10;8;8;100;250;125;80;150;30;8;10;8;9;10;8;9;10;8;9;9;7;6;6;5;10;10;9;6;8;10;9;8;10;7;10;8;8;8;10;10;10;5;6;0;5;9;6;0;7;0;7;9;7;5;6;8;7;6;9;0;9;8;0;7;9;10;9;9;6;8;0;0;5;0;1;3;1;1;1;5;2;2;6;2;6;7;1;1;2;1;1;2;4;3;3;1;2;2;1;1;5;1;4;52;1;3;3;2;2;"59494";1
"551299";"Münster";5;6;7;7;4;7;8;4;6;5;6;7;6;5;4;6;5;6;7;8;120;150;700;125;100;150;3;4;4;5;3;6;6;7;5;6;3;2;3;4;4;6;7;6;7;8;7;6;7;8;8;8;4;5;6;7;7;6;5;6;7;6;1;1;1;6;5;4;5;6;7;6;7;6;5;6;7;5;8;6;5;6;6;7;7;2;2;2;4;5;6;3;4;4;5;6;4;6;7;5;3;2;6;5;6;4;5;6;6;5;4;5;4;3;4;5;6;5;5;4;40;1;3;2;2;3;"46359";1
"549000";"Münster";6;6;6;6;6;6;6;5;5;5;5;6;5;5;5;6;5;5;5;5;50;160;200;80;150;10;5;5;5;5;5;5;3;6;0;6;3;3;3;3;3;4;4;5;6;5;5;5;3;3;3;2;2;2;2;6;4;4;3;8;0;6;2;2;0;8;0;6;9;6;6;7;6;4;3;6;2;5;5;2;5;7;5;4;8;0;0;0;0;1;0;3;5;4;2;2;3;3;3;6;4;4;5;3;2;4;3;4;3;4;3;3;2;4;3;3;4;4;6;6;55;2;4;1;1;3;"46354";1
"549303";"Münster";8;7;8;8;6;8;6;9;5;6;7;10;1;8;2;3;2;5;0;5;0;100;0;20;0;5;0;0;2;4;4;5;0;4;0;0;0;10;0;5;0;10;10;10;5;5;6;8;7;8;8;10;10;2;5;8;9;8;0;5;0;0;0;10;0;5;0;9;9;10;5;4;7;9;6;7;7;8;10;1;5;8;10;7;8;0;1;0;0;0;0;3;5;5;4;4;5;5;3;4;5;5;6;3;3;3;4;3;3;3;3;2;2;4;2;1;1;3;3;3;16;1;3;1;1;4;"59368";1
"550245";"Münster";7;10;10;10;10;10;8;10;10;7;8;10;6;10;8;8;6;3;2;6;NA;NA;NA;NA;NA;NA;NA;NA;NA;NA;NA;NA;8;8;2;8;2;1;1;3;0;7;7;8;8;7;9;5;6;8;5;9;7;5;8;10;4;9;4;8;0;6;5;3;6;7;0;9;9;5;8;9;9;4;3;9;5;10;9;7;4;9;8;9;10;8;6;0;2;5;0;3;7;2;1;1;5;7;7;7;7;5;6;1;3;4;6;2;4;3;2;3;2;6;2;1;2;5;2;6;61;2;3;5;2;3;"48346";1
"551067";"Münster";4;3;4;3;5;5;2;2;2;3;3;9;8;5;7;2;5;1;2;1;100;250;150;10;70;10;4;0;5;2;5;1;7;10;5;8;0;0;0;1;1;1;1;2;2;1;1;3;1;3;4;5;5;1;1;9;7;0;5;10;1;8;0;8;1;10;10;5;5;7;7;3;3;8;1;5;7;7;7;3;3;10;9;0;1;0;0;0;0;7;0;3;7;4;6;7;1;2;1;6;2;3;2;3;3;2;1;1;2;2;6;6;5;1;1;1;1;5;1;1;58;1;3;1;2;2;"48683";1
"544775";"Münster";10;10;10;10;9;10;10;10;6;5;5;10;3;10;6;8;4;8;6;6;200;100;500;100;200;50;0;5;7;8;5;5;9;10;9;10;5;6;2;0;0;10;9;7;7;8;9;7;9;9;8;10;8;8;10;10;10;10;2;10;0;5;4;4;0;4;0;8;8;5;4;8;9;0;2;5;5;7;5;5;2;10;10;10;10;0;5;0;0;5;5;3;7;3;1;1;2;6;6;6;6;6;5;1;2;2;1;2;4;4;2;2;1;2;2;2;3;6;5;7;40;2;3;1;1;3;"48607";1
"549823";"Münster";10;9;10;10;9;9;9;9;10;8;7;10;8;9;6;9;8;8;9;7;150;300;800;100;100;50;8;10;7;8;9;10;10;10;6;10;8;8;7;8;0;9;9;10;8;10;9;10;8;8;9;9;9;9;7;9;9;8;10;10;0;10;7;7;5;8;0;10;10;9;6;9;9;6;7;8;6;10;8;6;8;10;10;8;10;5;0;0;0;2;0;3;5;5;2;1;4;6;3;6;6;5;6;2;4;5;3;4;2;7;2;1;1;2;1;2;3;4;6;6;62;2;3;2;2;1;"48153";1
"546881";"Münster";10;9;10;10;9;9;9;8;9;8;7;10;7;7;5;6;4;5;5;6;70;200;900;80;100;50;7;8;6;8;7;8;8;9;5;9;7;7;6;8;4;8;8;7;7;9;9;7;6;7;8;7;8;7;6;7;7;6;3;10;0;10;8;7;5;9;0;9;9;10;9;10;10;4;5;6;4;9;9;5;6;10;5;6;10;8;0;0;0;5;0;1;4;4;2;1;4;6;4;7;7;4;3;4;6;1;1;1;1;6;1;2;1;1;1;4;3;3;7;7;56;2;3;1;2;1;"48167";1
"551067";"Münster";9;10;10;10;10;10;10;10;10;10;10;10;10;10;5;9;9;4;4;3;303;50;100;20;30;NA;10;4;9;0;9;9;8;10;9;10;8;6;5;0;0;2;3;8;5;9;10;10;8;9;9;4;10;10;8;10;10;10;0;10;0;10;8;7;0;8;0;0;7;10;0;10;10;10;0;9;9;0;10;10;8;10;10;10;10;6;3;0;0;0;0;3;7;6;1;1;7;7;7;7;5;7;7;1;1;1;7;7;7;1;1;1;1;1;1;1;1;7;3;7;67;2;5;5;1;3;"33775";NA
"547952";"Münster";10;10;10;8;7;6;6;10;5;10;10;10;4;6;3;5;0;2;5;4;100;300;250;50;200;30;5;0;0;0;10;10;10;10;10;10;10;10;10;10;8;10;10;10;10;10;10;10;10;10;10;10;10;10;10;10;10;10;2;10;0;10;0;0;0;0;0;10;10;10;10;10;10;10;10;10;0;10;10;0;10;10;10;10;10;0;0;0;0;0;0;3;7;5;3;1;1;7;7;7;7;7;7;4;5;7;7;4;7;7;1;1;1;3;1;1;1;7;5;7;74;1;4;1;2;1;"59075";NA
"551299";"Münster";6;7;5;6;7;5;4;4;5;3;4;6;5;4;3;5;4;6;5;4;200;250;350;50;150;100;4;5;4;7;4;6;5;4;5;6;6;7;6;8;5;4;6;8;7;6;7;5;8;6;3;6;8;7;6;4;6;6;4;5;4;6;1;1;1;6;7;8;8;6;5;4;6;8;6;7;5;7;5;4;3;5;4;5;7;2;2;3;4;5;7;3;4;5;3;4;3;4;4;3;2;5;4;4;3;4;5;4;7;6;5;4;5;6;4;3;4;3;4;3;57;1;3;3;2;3;"46359";2
"548660";"Münster";8;8;10;10;10;8;5;0;3;3;3;10;0;0;0;6;5;5;2;0;75;20;0;50;50;30;2;2;4;8;9;4;10;10;8;0;0;0;0;0;0;8;10;7;0;7;7;10;10;10;10;8;10;0;10;10;10;10;5;5;3;0;0;0;0;0;8;8;0;0;6;5;6;6;6;6;6;8;8;8;0;8;10;8;6;0;0;0;0;0;0;3;7;4;2;2;1;5;4;1;4;5;4;1;2;2;4;1;3;3;1;1;1;1;2;2;1;1;3;3;17;1;3;1;1;4;"48231";1
"548112";"Münster";9;8;9;8;9;9;9;8;8;9;8;9;7;9;9;8;8;9;8;8;150;100;800;100;100;50;7;7;7;6;6;6;9;9;7;7;8;7;8;8;7;8;8;9;7;9;9;7;5;5;6;5;6;7;7;9;9;8;0;10;0;0;6;6;5;7;5;5;5;5;5;7;7;0;5;4;6;4;8;8;8;10;9;0;9;8;8;2;0;0;5;3;5;4;1;2;4;4;4;4;5;5;6;3;3;4;5;4;4;4;2;2;2;5;5;4;5;4;3;5;27;2;3;3;1;3;"48565";1
"548121";"Münster";9;10;10;7;8;6;5;7;7;8;5;10;5;10;5;10;5;8;8;10;300;200;200;200;200;100;3;0;2;5;2;9;8;10;7;6;6;5;4;6;3;8;8;8;6;8;8;8;8;8;8;8;9;3;10;9;8;8;2;9;2;5;6;6;4;8;0;8;8;6;3;8;8;3;3;8;5;2;7;0;2;10;3;3;7;3;4;0;8;8;0;3;5;4;3;5;1;6;1;6;6;6;6;6;6;6;3;6;7;7;1;1;2;5;4;3;5;3;5;5;38;2;3;2;2;2;"48145";1
"542300";"Münster";8;10;10;9;7;10;5;7;9;6;6;5;5;8;5;5;4;3;2;2;50;350;240;50;0;100;3;2;0;3;0;2;3;4;8;4;3;2;3;3;3;3;3;6;6;4;6;8;6;4;8;8;8;8;5;8;6;8;0;5;0;3;4;3;2;3;3;3;5;6;4;6;6;2;4;1;10;7;0;8;8;8;0;2;8;4;4;2;2;8;2;3;5;4;1;6;7;2;4;7;7;5;7;3;3;2;1;1;1;5;1;3;1;1;7;1;1;1;2;5;83;1;5;3;2;2;"48231";NA
"548999";"Münster";9;9;9;9;9;9;9;9;8;9;9;9;6;9;6;5;5;2;2;2;200;150;700;80;20;10;5;4;3;2;1;1;9;9;9;9;9;7;9;9;7;9;9;9;9;9;9;9;6;9;9;9;9;9;9;9;9;9;5;5;2;5;5;5;5;9;7;7;9;9;9;9;9;9;2;9;1;5;6;1;4;9;9;9;9;4;4;3;4;3;2;3;7;7;5;6;7;7;7;7;7;7;7;7;7;6;4;4;4;7;5;5;5;5;5;6;5;7;7;7;35;2;7;3;1;1;"48159";1
"549671";"Münster";10;5;6;6;4;4;3;0;0;0;0;6;0;0;2;5;4;2;0;0;150;50;175;20;20;10;10;4;5;0;0;0;7;7;2;3;2;5;3;0;0;8;5;4;2;2;3;1;4;2;4;8;4;1;5;4;3;5;0;10;0;7;0;0;0;8;0;10;10;0;0;0;5;8;0;8;2;8;9;0;9;10;7;8;5;0;0;0;0;0;0;3;5;5;1;1;1;2;6;4;5;7;7;1;1;1;1;1;1;7;1;1;3;1;1;1;1;7;7;7;36;1;3;1;1;4;"48268";1
"543073";"Münster";6;10;8;5;10;10;10;10;8;10;10;10;5;10;0;5;0;0;5;0;40;250;430;50;120;34;6;8;6;8;10;5;8;8;8;8;10;5;0;2;0;10;10;8;0;10;10;3;8;7;4;10;0;0;4;10;10;9;0;2;0;0;10;0;0;0;0;10;10;10;0;10;10;0;4;7;0;10;0;0;4;10;10;3;6;3;3;0;0;0;0;3;3;7;3;1;6;1;1;7;7;5;7;7;5;3;1;1;1;6;1;1;1;2;1;1;1;7;5;5;45;2;3;3;2;4;"48308";1
"550245";"Münster";7;10;10;10;10;8;10;10;7;8;10;6;10;10;8;8;6;3;2;5;100;250;600;100;30;20;7;8;5;NA;NA;4;8;8;2;8;2;1;1;3;0;7;7;8;8;7;9;5;6;8;5;9;7;5;8;10;4;9;0;10;0;10;3;3;3;7;0;9;9;5;8;9;9;4;3;9;5;10;9;7;4;9;8;9;10;9;6;0;2;5;0;3;7;2;1;1;2;5;2;7;4;3;7;1;3;4;5;6;4;2;2;3;2;6;2;1;2;5;2;6;66;1;5;5;3;3;"48346";NA
"550245";"Münster";9;7;9;9;8;9;8;4;7;3;3;5;3;1;6;6;2;2;3;7;160;400;500;100;100;50;5;5;0;6;5;7;10;10;9;7;6;6;6;4;6;8;6;8;6;7;9;9;7;7;7;9;6;6;8;9;8;9;0;5;0;8;0;0;0;5;3;2;4;5;0;6;7;9;1;4;1;2;2;0;7;8;7;7;10;4;2;0;1;2;0;3;6;5;4;4;1;3;2;6;3;6;5;5;5;3;6;6;4;3;2;2;2;6;3;3;4;5;5;4;22;1;3;1;1;4;"49536";1
"548999";"Münster";9;9;9;9;9;9;9;9;9;9;9;9;9;9;6;7;6;3;2;1;150;100;900;20;10;10;5;5;4;1;1;1;9;9;9;9;9;8;8;9;9;9;9;9;9;9;9;9;9;9;9;9;9;9;9;9;9;9;3;4;1;3;5;5;2;9;9;5;5;9;9;9;9;9;2;9;4;5;7;1;7;8;9;9;9;4;6;1;2;2;2;3;7;7;4;7;7;7;7;7;7;7;7;4;4;3;5;5;5;6;4;5;4;4;4;2;3;5;5;7;50;2;3;3;1;1;"48159";1
"546880";"Münster";10;10;10;10;10;10;8;10;10;8;8;10;7;10;2;4;5;4;5;6;40;60;80;60;80;20;5;5;6;6;4;5;8;10;2;8;7;5;9;6;5;10;10;8;6;9;10;5;10;10;2;8;10;0;7;6;5;6;2;8;0;4;8;3;9;0;2;8;8;8;6;9;8;5;5;8;2;7;8;0;7;6;2;3;10;2;7;0;0;0;0;3;3;3;1;2;1;4;3;7;6;5;4;4;3;5;3;4;6;5;3;2;2;4;4;3;3;6;3;4;66;1;5;1;1;1;"48165";NA
"548121";"Münster";8;8;10;9;10;9;7;7;5;5;5;10;5;8;3;8;5;5;5;5;600;1000;1200;300;400;100;7;5;5;8;6;8;8;8;6;6;8;8;6;8;5;8;8;9;9;6;6;8;7;10;7;7;8;8;8;8;8;8;8;8;0;5;0;2;0;7;1;7;6;10;10;6;6;8;6;8;4;5;5;5;5;9;10;8;9;0;0;0;0;5;0;3;6;6;5;5;1;6;2;6;6;7;7;5;6;6;3;2;2;5;4;4;4;3;6;5;6;4;5;5;50;1;3;3;2;1;"48161";1
"546799";"Münster";8;8;8;8;7;7;5;9;6;5;5;9;2;2;7;8;7;9;8;7;150;200;350;100;250;30;5;7;7;8;7;7;8;9;6;8;8;8;7;7;6;9;9;9;9;8;9;9;8;9;7;7;9;5;10;9;10;10;1;5;0;5;7;7;6;5;5;9;9;9;9;9;9;9;10;9;4;5;8;0;9;10;9;9;7;6;7;0;0;4;0;3;6;4;5;5;2;7;6;4;5;6;4;1;1;2;4;4;4;7;4;4;4;1;1;1;2;3;5;7;53;1;3;1;3;1;"45167";1
"549671";"Münster";10;9;9;8;8;5;8;7;7;6;7;8;7;7;4;6;4;4;5;3;450;200;200;100;200;20;4;4;3;4;4;5;8;8;6;9;8;5;3;4;2;9;9;6;7;8;9;6;6;7;5;6;8;2;7;7;6;7;1;9;1;9;5;7;1;3;0;8;7;6;9;8;6;6;1;4;2;7;5;0;3;10;4;4;8;1;2;0;0;1;2;3;4;3;2;2;1;1;5;5;5;5;3;1;5;5;5;5;4;6;5;5;4;7;5;3;5;5;6;6;58;1;3;2;2;2;"59821";3
"546799";"Münster";7;7;8;8;8;6;4;7;5;6;5;9;2;7;6;7;5;5;6;5;25;80;NA;50;100;5;5;6;NA;6;6;7;8;9;6;7;6;5;6;7;5;7;7;7;7;7;6;8;6;8;8;7;7;7;8;7;8;8;8;6;0;NA;7;8;3;7;NA;5;4;6;NA;8;8;NA;1;3;4;5;3;1;6;9;0;5;9;2;2;2;1;3;3;3;7;7;3;4;1;4;3;2;4;6;5;5;7;5;3;3;2;5;6;5;3;5;4;4;4;5;5;5;17;1;1;5;2;1;"48147";NA
"548660";"Münster";10;8;10;10;8;10;9;2;4;10;8;10;2;5;5;10;1;8;2;2;500;250;600;150;150;50;2;0;5;7;8;10;10;10;5;10;8;5;6;2;2;10;10;3;3;10;10;0;10;10;10;10;10;10;2;10;8;10;2;4;0;1;2;8;2;5;2;10;10;6;0;8;3;3;6;8;0;2;6;0;0;8;2;2;10;0;2;0;0;4;0;3;7;2;4;4;1;7;5;7;6;5;7;6;7;5;3;3;7;7;5;6;1;7;1;7;4;6;6;7;23;1;3;1;2;1;"48167";1
"551255";"Münster";8;7;10;7;8;10;8;10;8;7;7;10;6;6;8;9;10;6;7;7;50;0;0;50;150;10;4;8;7;6;7;7;9;9;6;10;8;7;3;6;5;0;8;8;6;8;9;9;8;7;9;10;8;5;8;10;8;10;0;7;0;7;8;10;0;7;0;7;10;6;0;7;7;7;6;7;0;7;8;0;7;9;6;10;8;4;0;0;3;0;0;3;7;6;4;4;1;4;3;3;4;7;3;7;6;7;1;2;5;5;2;3;2;4;5;1;2;5;6;4;22;2;3;3;1;3;"46325";1
"547163";"Münster";10;10;10;10;10;10;10;10;10;10;10;10;10;10;5;10;10;8;5;8;0;0;0;0;0;0;8;10;10;8;5;8;8;8;0;0;7;0;0;5;0;8;8;8;8;9;9;8;4;8;5;6;7;1;6;10;8;8;8;8;0;0;0;0;0;5;0;9;8;8;8;9;8;8;4;8;5;6;7;2;5;10;8;8;10;0;5;0;0;0;0;3;6;5;4;5;4;4;2;7;7;6;7;4;6;3;2;1;5;6;5;2;3;2;4;1;2;2;2;6;45;1;3;1;2;2;"49086";3
"549826";"Münster";8;6;8;7;6;5;4;8;6;7;6;9;4;7;8;9;7;5;5;6;5;20;0;25;20;0;4;8;6;5;4;7;6;7;5;6;8;5;9;4;3;7;5;4;3;3;4;5;5;4;5;4;5;4;4;8;5;5;3;8;3;4;10;7;4;7;1;4;6;7;2;8;4;3;2;3;3;5;7;2;3;9;4;4;9;3;4;0;4;3;7;1;5;4;2;3;1;5;2;3;7;6;6;3;3;3;3;5;4;5;2;4;4;3;4;2;5;4;2;4;17;2;1;5;NA;2;"33428";NA
"335501";"Münster";10;6;10;8;8;6;10;10;9;8;5;10;5;8;10;10;7;6;10;8;20;30;NA;50;30;20;10;10;5;5;10;10;10;10;7;6;7;7;7;10;0;10;10;8;4;5;8;8;8;6;10;10;6;4;10;8;8;10;10;10;0;6;10;10;2;10;0;8;8;1;NA;3;10;10;10;5;10;7;2;8;5;10;2;8;10;0;10;8;2;4;6;1;7;3;4;5;1;2;3;2;3;7;7;6;7;4;5;2;1;5;1;4;1;2;3;2;4;6;2;4;16;2;1;NA;NA;2;"45721";NA
"551299";"Münster";6;5;6;5;6;8;4;4;7;8;6;4;3;5;8;5;3;4;6;3;100;50;100;100;50;75;4;5;6;5;4;5;6;5;6;7;4;2;5;6;8;7;4;5;6;5;4;3;8;2;5;8;7;6;10;2;6;7;5;4;5;7;1;1;1;4;6;7;6;5;4;5;3;7;NA;5;6;7;6;5;8;6;5;NA;7;2;2;2;2;5;6;3;4;3;4;3;5;6;5;4;3;3;3;4;5;4;3;4;3;4;5;5;4;5;6;6;5;6;3;4;82;1;5;1;1;3;"46359";NA
"549826";"Münster";10;8;10;9;10;10;8;7;10;8;10;10;5;10;8;9;7;5;5;5;50;0;0;0;0;5;5;7;5;4;2;5;8;9;8;9;7;7;7;8;5;9;9;9;6;7;7;9;7;9;7;8;7;5;8;6;7;9;2;8;2;5;5;2;5;4;4;6;6;7;1;5;5;5;3;8;4;8;7;1;6;10;10;7;9;4;5;1;0;3;0;3;7;3;3;3;2;5;2;7;6;6;6;5;3;2;2;2;3;4;5;2;2;2;1;2;3;3;2;6;61;2;4;2;NA;2;"48231";NA
"547163";"Münster";10;10;10;10;10;10;5;10;8;10;10;10;8;10;8;8;8;8;5;5;100;300;500;100;100;50;8;10;5;6;3;3;10;10;4;8;10;10;8;10;10;8;7;8;8;8;8;8;10;10;8;10;10;6;10;10;10;10;8;8;0;5;10;10;8;10;10;8;5;8;8;8;8;6;8;10;6;10;10;2;5;10;10;8;10;8;8;0;5;0;8;1;7;4;1;4;1;7;5;7;7;7;4;4;4;2;5;5;5;6;4;2;2;2;1;1;2;5;2;6;28;2;3;2;2;3;"26919";1
"549671";"Münster";10;10;10;10;10;10;8;9;10;8;8;10;8;10;4;4;2;2;2;1;100;550;400;250;100;20;2;2;1;2;2;3;5;8;8;9;8;8;7;6;0;7;2;8;7;8;8;8;7;8;5;8;9;5;5;10;10;5;0;7;0;5;3;3;0;4;0;3;2;4;4;5;5;4;1;4;1;5;3;0;5;10;10;3;10;3;3;0;0;0;1;3;7;4;3;3;1;1;5;7;5;5;5;2;5;7;2;1;1;7;2;2;2;1;1;2;4;5;7;7;54;2;3;1;2;3;"48369";1
"547163";"Münster";8;8;8;8;8;9;8;9;9;9;9;10;7;10;7;8;5;4;5;5;200;150;500;50;50;20;7;8;6;9;8;9;8;9;5;7;9;7;7;9;7;9;9;6;6;7;6;5;5;5;1;3;4;4;8;8;8;7;10;8;0;6;10;6;8;10;5;8;8;5;5;4;5;5;6;5;1;4;3;2;8;9;9;8;8;6;6;7;7;8;8;3;5;5;3;2;3;3;4;2;3;2;6;3;2;3;2;3;3;3;2;1;2;3;2;2;1;4;1;4;55;1;3;2;2;3;"49610";3
"547954";"Münster";8;9;7;8;7;8;6;7;6;5;6;5;6;5;6;5;6;6;6;6;400;500;40;300;50;50;5;4;6;4;6;4;6;6;5;6;7;7;7;7;6;6;5;4;5;4;5;4;5;4;5;5;5;6;5;6;6;5;6;6;7;6;4;4;6;5;6;6;6;7;7;7;7;7;6;5;6;7;7;5;6;5;6;5;6;6;7;6;7;6;7;3;6;7;6;6;7;7;7;6;5;4;6;6;5;6;6;7;6;7;5;6;5;6;4;6;6;6;7;5;85;1;5;5;2;4;"48432";NA
"545908";"Münster";8;8;8;8;8;8;8;2;0;0;0;10;0;10;10;2;2;2;2;2;400;150;150;250;200;150;0;7;7;0;0;2;10;10;3;10;6;3;8;3;0;10;10;6;6;10;10;10;6;10;10;10;10;0;10;10;10;10;0;7;0;0;0;10;2;10;0;10;10;10;10;10;6;10;10;10;10;6;10;6;10;10;0;10;7;0;0;0;0;0;0;3;7;7;6;7;1;5;2;4;2;4;7;7;7;7;7;7;7;7;4;2;2;2;1;1;7;6;7;7;48;1;3;1;2;1;"48161";1
"547952";"Münster";10;10;10;10;10;10;10;10;10;10;10;10;10;10;10;10;10;10;10;10;120;400;200;75;75;15;8;7;7;8;6;8;10;10;10;10;8;8;5;6;5;10;10;9;9;9;9;8;7;9;8;10;10;10;10;10;10;10;1;5;0;5;7;7;5;6;5;9;9;7;7;9;8;7;6;8;4;9;7;3;4;9;10;9;10;0;6;0;0;2;0;3;7;4;2;2;2;6;2;6;7;6;6;1;3;2;1;1;3;6;3;2;3;2;2;2;1;4;3;5;66;1;3;1;2;1;"59075";3
"548998";"Münster";7;8;9;9;8;6;6;8;5;9;6;9;4;3;5;6;2;4;1;0;50;250;800;75;75;50;8;7;8;3;2;1;8;7;8;7;6;5;4;4;1;2;4;5;6;7;2;4;7;8;6;7;5;6;4;7;6;6;4;8;1;2;3;4;0;2;0;2;4;2;2;4;6;2;3;7;2;8;2;2;6;8;3;4;6;2;3;0;1;7;6;3;7;6;3;2;5;7;6;5;6;5;7;7;6;5;5;4;7;6;4;3;3;2;4;2;5;2;6;5;33;2;3;1;2;1;"48149";1
"549826";"Münster";8;7;8;7;6;9;8;8;6;8;8;10;6;6;8;8;8;8;7;7;0;15;0;40;0;0;7;7;7;7;6;7;6;8;6;9;5;4;4;6;5;8;5;5;4;7;8;7;7;9;6;6;8;5;4;9;9;8;8;5;2;5;2;3;0;7;1;5;3;8;4;7;7;3;5;7;2;3;6;1;1;10;4;5;10;2;0;0;0;3;4;3;7;6;3;2;2;5;5;6;7;6;7;6;6;7;4;7;5;7;4;4;4;7;6;2;7;3;4;6;16;2;1;NA;NA;3;"48361";NA
"547163";"Münster";10;8;10;9;10;10;5;9;8;10;7;10;8;7;7;8;10;8;10;0;70;410;200;70;100;0;7;10;6;5;6;10;5;10;8;9;8;9;5;9;3;8;9;10;9;10;10;0;8;10;3;8;9;4;10;10;10;9;8;10;7;10;7;8;6;10;8;6;8;10;9;10;10;0;10;10;4;10;9;0;10;10;10;8;10;8;10;7;5;0;4;3;6;5;4;2;3;5;3;7;7;7;6;2;4;5;7;4;6;7;3;4;6;7;3;7;4;7;6;7;83;1;5;1;2;3;"49610";1
"550245";"Münster";8;8;9;10;10;10;0;10;10;10;10;10;10;10;8;8;7;7;8;8;200;400;600;100;150;50;8;8;8;8;6;7;0;10;0;5;5;0;0;6;0;7;4;5;6;8;7;9;7;8;5;9;8;0;6;10;10;7;0;10;0;5;5;0;0;7;0;7;9;5;5;8;7;9;7;8;5;9;8;0;5;10;10;8;8;4;5;0;0;5;3;3;4;4;5;5;4;3;5;7;5;6;6;1;4;3;5;5;6;5;5;3;4;4;4;2;1;3;4;4;68;1;5;1;2;3;"48346";NA
"548998";"Münster";8;8;9;9;7;9;8;9;6;9;9;9;6;9;7;9;7;6;7;6;0;80;0;60;20;0;5;7;4;5;5;5;8;8;9;8;7;7;6;6;5;8;7;9;9;9;8;9;9;9;8;7;7;8;8;9;9;9;9;6;1;9;9;5;9;9;1;9;8;9;8;9;8;5;7;8;1;5;8;7;7;8;8;8;8;1;1;1;1;1;5;3;4;5;2;1;3;6;3;2;2;4;5;5;6;6;6;5;4;5;3;4;4;5;7;6;5;6;7;6;24;2;2;1;1;1;"48167";1
"547952";"Münster";10;10;10;10;10;10;10;10;10;5;1;5;1;2;3;3;3;5;3;3;15;100;50;150;150;50;2;2;2;2;2;2;10;10;10;10;10;9;9;5;5;8;8;8;8;9;9;9;8;9;8;8;5;5;7;10;7;10;10;10;0;10;4;4;4;4;0;7;7;1;1;5;5;2;0;5;0;2;1;0;2;10;1;1;10;0;0;0;0;0;0;3;7;7;1;1;1;6;4;4;5;5;5;1;7;5;1;1;1;1;3;3;4;3;4;2;5;5;5;5;17;1;1;3;1;2;"48653";NA
"550271";"Münster";8;8;10;10;8;5;5;0;0;0;0;10;0;0;5;5;5;5;5;5;50;150;10;0;100;0;5;5;5;10;10;10;5;10;5;5;8;8;5;0;5;5;5;5;5;5;5;5;5;5;5;5;10;NA;10;10;10;5;10;10;0;10;5;8;5;8;0;1;1;10;8;10;10;5;4;5;2;10;10;NA;10;10;10;5;5;0;0;0;5;0;0;3;6;2;1;1;4;5;6;6;7;6;5;1;2;1;6;6;6;2;4;2;2;4;2;4;2;6;4;2;78;2;5;1;1;1;"58099";NA
"544771";"Münster";4;1;6;6;5;2;2;1;3;2;2;5;7;4;0;4;2;2;0;1;70;190;400;10;100;0;1;0;0;3;1;9;6;10;6;6;2;2;1;5;0;8;10;10;8;10;10;5;8;7;9;8;10;9;10;9;9;10;7;8;0;3;2;5;8;6;0;5;10;10;9;10;10;6;2;3;7;5;10;10;10;9;8;10;2;0;1;0;0;0;0;3;3;1;7;7;3;6;5;7;6;2;2;1;2;1;4;4;2;6;1;2;1;1;1;2;1;7;7;7;72;1;5;1;1;2;"85049";NA
"545908";"Münster";8;8;10;8;9;8;9;10;8;10;10;10;8;10;5;8;7;8;7;8;800;400;400;100;300;50;4;5;6;6;8;8;10;10;8;10;10;7;7;5;10;10;10;10;9;6;8;7;10;10;10;10;10;8;10;10;10;10;0;3;0;0;1;0;1;0;0;8;7;10;10;10;10;8;4;8;5;5;7;0;5;10;10;8;10;1;1;0;0;3;0;3;6;4;6;7;4;7;3;7;4;5;6;2;4;3;5;2;5;7;5;5;5;5;3;1;2;6;4;6;57;1;3;1;3;1;"48161";1
"548660";"Münster";10;9;8;8;8;2;2;10;10;2;10;10;1;1;5;6;5;5;10;5;150;400;1200;20;50;30;10;10;10;10;10;10;0;10;0;7;5;5;1;0;0;10;10;8;8;9;10;7;5;10;0;1;10;5;10;9;9;10;0;5;0;1;6;5;1;NA;NA;8;8;10;10;8;9;7;1;9;0;0;10;1;8;10;9;9;10;0;1;0;0;0;0;3;5;2;2;4;4;4;1;7;6;7;7;1;2;1;1;1;1;3;2;5;3;2;5;1;2;1;1;6;28;1;3;2;2;3;"52222";1
"546881";"Münster";9;7;8;9;7;7;7;5;6;6;5;7;6;6;6;7;4;5;5;6;30;150;150;50;50;10;8;7;8;8;8;10;7;8;5;9;6;6;5;8;0;8;9;7;7;8;7;6;6;7;8;7;9;7;8;9;5;8;10;10;0;10;7;7;3;8;0;8;9;8;7;10;10;4;2;5;2;10;8;2;5;10;4;4;9;0;0;0;0;0;0;3;4;3;1;1;6;6;7;7;7;3;3;1;3;1;1;1;1;3;1;1;1;1;1;1;1;4;5;5;72;2;5;1;1;1;"48167";NA
"547163";"Münster";8;6;10;8;9;9;8;10;6;9;8;10;7;9;7;7;6;8;8;7;60;200;650;200;200;50;6;9;6;9;9;4;6;8;8;10;8;8;8;3;5;9;8;10;10;10;10;9;8;8;9;7;6;7;8;10;8;8;3;6;2;5;2;8;3;1;1;1;1;2;2;2;1;2;1;1;0;0;0;1;1;2;2;3;8;0;0;0;0;1;0;3;7;4;4;4;4;1;7;5;6;6;5;5;5;6;6;6;6;5;6;6;4;5;5;7;7;1;7;5;30;2;3;2;2;1;"49080";1
"542732";"Münster";10;8;7;5;7;7;4;10;6;6;8;10;4;10;10;10;10;5;0;5;300;150;700;50;100;50;0;0;0;5;5;5;8;10;5;10;10;8;5;5;5;10;10;10;10;8;10;10;10;10;10;10;10;10;10;10;10;10;2;2;4;0;8;2;0;10;0;8;5;5;5;5;2;0;2;5;0;5;2;0;0;5;10;2;10;0;8;0;0;0;0;3;6;6;5;5;1;4;4;5;6;6;6;2;5;6;1;1;1;6;2;2;3;7;6;6;3;4;6;6;37;1;3;3;4;1;"22769";1
"546881";"Münster";6;4;5;6;8;6;5;6;5;7;6;8;5;6;7;7;5;6;1;5;150;200;150;50;50;50;4;6;5;7;5;5;8;8;5;8;6;6;4;5;4;7;7;9;5;7;7;7;6;6;8;9;9;8;7;8;8;8;1;3;0;2;6;5;5;5;4;8;7;9;6;9;9;9;8;8;5;10;10;4;8;10;9;8;8;2;2;2;2;2;1;3;6;3;1;1;2;5;2;7;4;3;3;2;3;2;7;4;5;7;2;2;3;2;2;2;1;4;2;6;62;1;3;1;2;1;"48167";1
"549823";"Münster";7;6;9;6;9;8;7;7;5;5;5;9;4;6;8;6;8;6;7;7;100;200;800;50;70;20;7;9;8;6;7;9;9;10;2;9;6;6;4;6;3;9;9;9;9;10;10;7;8;8;7;9;9;7;9;10;9;10;4;6;0;5;8;8;1;5;1;5;5;7;3;7;6;7;2;3;3;3;6;1;6;9;8;7;9;2;0;0;8;3;5;1;7;5;3;4;2;7;6;7;7;6;7;6;5;6;2;3;3;7;4;2;5;4;3;1;5;5;2;7;27;2;3;1;1;3;"48341";1
"549000";"Münster";8;8;8;7;7;8;6;9;7;7;7;9;7;10;7;8;8;7;8;7;200;300;500;150;150;20;6;6;6;8;6;9;6;9;6;9;9;9;7;8;2;8;8;8;7;6;6;7;8;6;10;9;9;10;8;7;7;9;0;6;0;6;5;5;0;9;0;7;7;0;0;6;4;2;0;8;5;5;8;0;5;9;5;7;9;2;8;0;0;5;0;1;5;4;4;3;2;3;3;5;5;6;6;3;5;3;3;3;2;4;3;3;3;3;2;2;3;6;2;4;45;2;3;1;1;3;"59399";1
"534352";"Münster";8;10;10;8;10;10;10;10;10;10;10;10;10;10;10;10;8;10;8;7;50;200;500;50;20;20;8;0;0;0;0;0;8;10;4;4;8;5;2;8;0;10;10;10;10;8;0;10;10;10;0;7;8;0;10;10;10;10;0;0;0;2;5;8;0;10;0;4;5;0;10;0;4;0;0;10;0;2;10;0;10;10;10;10;10;0;5;0;0;0;0;3;7;3;1;1;2;1;1;7;7;7;7;3;4;4;1;1;1;6;3;1;3;1;6;5;1;1;1;4;81;2;5;5;1;2;"48429";1
"551299";"Münster";6;6;7;5;6;6;7;8;7;7;6;6;6;7;4;3;4;5;6;5;50;100;100;50;20;50;4;5;4;5;6;5;6;6;7;5;6;6;8;8;7;5;6;3;4;6;8;9;7;6;7;6;5;6;7;8;7;8;5;6;7;7;6;5;6;7;6;7;6;7;6;6;6;7;8;4;3;4;5;3;6;7;6;8;6;5;3;2;2;2;4;3;3;5;4;4;5;4;2;3;4;7;6;5;4;5;4;3;3;4;2;3;4;5;6;5;4;3;3;2;85;1;5;1;1;3;"46359";NA
"549303";"Münster";6;3;6;7;8;8;6;3;6;3;2;4;3;4;3;7;7;6;6;5;150;30;30;40;80;40;2;6;4;7;3;4;9;9;7;9;8;4;4;6;6;8;8;8;4;9;9;6;4;6;7;6;7;3;6;9;9;8;4;4;2;4;3;4;2;8;2;5;8;8;2;8;8;3;1;6;2;1;6;1;2;9;8;8;3;0;0;0;0;0;1;3;7;5;3;3;2;7;6;7;7;4;6;3;4;2;3;2;5;4;2;2;2;2;3;2;2;2;2;6;21;1;3;1;1;3;"48249";1
"548998";"Münster";9;9;9;9;9;9;9;9;0;8;3;9;0;0;9;5;9;7;5;5;50;300;700;60;20;50;5;5;5;5;5;5;5;8;0;5;9;9;5;9;5;5;5;5;5;5;5;5;5;5;5;5;5;5;5;9;9;8;5;5;0;4;8;9;5;9;0;9;9;5;5;5;5;5;5;5;5;5;5;5;5;8;8;8;9;0;9;0;5;5;9;2;7;7;1;2;7;7;5;4;4;5;4;4;5;4;3;2;3;2;3;2;3;2;4;2;3;3;4;3;26;2;3;1;2;1;"48163";1
"548660";"Münster";10;10;10;10;10;10;8;8;10;10;10;10;10;10;8;8;8;7;8;8;150;300;300;50;100;50;5;5;5;5;5;5;10;10;5;10;7;7;7;5;5;5;5;5;5;5;5;7;10;10;10;10;10;10;10;10;10;10;6;10;0;10;7;7;7;7;8;9;10;8;0;10;10;3;8;8;7;6;8;8;8;10;10;10;10;1;1;1;1;0;0;3;4;4;4;3;6;3;4;5;5;5;2;2;2;4;5;4;4;5;3;5;4;4;4;4;5;6;5;5;57;1;3;1;1;1;"48167";1
"553301";"Münster";9;9;9;9;9;7;5;10;1;4;6;10;1;4;8;9;9;6;8;7;1000;800;300;200;400;100;6;8;6;6;8;5;8;8;7;8;9;6;5;7;5;8;8;6;6;6;8;6;5;8;5;7;6;5;6;7;6;6;1;10;0;10;9;0;5;10;5;10;10;3;9;10;10;5;5;10;5;6;10;0;5;10;10;7;9;9;7;5;0;7;8;3;3;3;2;3;1;3;4;4;4;6;5;2;4;5;4;1;1;6;1;2;3;2;2;3;3;4;4;6;59;1;3;3;4;2;"45721";1
"550245";"Münster";8;7;9;6;9;8;7;10;8;9;9;10;8;10;10;10;8;5;5;5;0;200;75;50;60;10;10;8;5;8;5;7;6;10;6;8;8;4;6;8;8;8;9;6;7;5;8;7;6;5;8;7;8;6;9;8;9;10;0;10;0;9;5;7;7;10;9;7;7;8;8;7;8;6;5;5;2;3;7;2;7;10;1;7;8;7;7;0;0;1;5;1;4;1;1;1;4;7;7;7;7;7;6;1;3;7;7;7;6;7;1;1;1;5;1;2;3;3;5;7;42;2;3;1;1;3;"48346";1
"546881";"Münster";8;8;9;9;7;7;7;9;9;8;8;10;7;10;4;6;4;4;4;1;25;100;0;30;50;55;6;6;5;7;4;7;7;10;5;7;6;6;6;5;6;10;10;7;7;9;9;6;8;7;9;8;8;8;9;10;9;9;6;8;0;7;10;9;5;4;3;6;6;7;7;9;9;3;6;7;4;4;5;4;6;10;8;7;10;6;10;0;3;4;0;1;7;6;1;1;1;6;4;4;6;6;5;2;4;5;1;1;2;7;2;3;1;1;1;3;2;4;4;6;22;2;2;1;1;1;"48163";NA
"548999";"Münster";9;9;9;8;8;10;8;8;6;8;6;10;5;10;7;7;6;2;4;3;300;150;500;100;10;10;6;2;1;1;1;1;9;9;9;9;7;6;7;6;6;7;7;8;8;8;8;8;6;9;9;9;9;9;9;9;9;9;5;5;5;5;5;5;5;5;5;5;5;5;5;5;5;5;1;5;5;5;2;3;5;5;5;5;9;1;1;1;1;3;1;3;7;7;2;5;7;7;7;7;7;7;7;7;7;7;3;3;5;7;5;5;5;7;5;4;7;7;7;7;25;2;3;3;2;1;"48149";1
"549091";"Münster";10;10;10;8;10;10;7;10;10;10;10;10;8;10;10;10;10;10;10;10;60;200;60;100;200;10;3;7;5;8;3;8;8;10;7;8;6;5;6;0;0;8;8;4;4;4;8;8;4;10;7;7;7;7;7;5;6;8;6;7;0;8;5;0;0;0;0;5;5;0;10;5;6;8;6;7;3;5;3;0;7;10;10;8;10;0;2;0;0;4;0;3;4;2;4;3;1;1;2;3;3;6;7;2;5;1;1;4;2;6;1;1;1;1;4;2;1;1;1;5;53;2;3;1;3;4;"48324";1
"547954";"Münster";7;6;7;6;8;6;6;7;5;7;5;7;5;7;6;5;6;5;5;6;100;400;500;0;6;80;6;7;5;6;4;6;6;7;5;7;5;7;5;4;5;5;5;6;6;6;7;7;7;7;7;7;8;6;5;6;6;5;6;5;6;5;6;5;6;5;6;5;6;5;6;5;6;5;6;5;6;5;6;5;6;5;6;6;6;7;6;5;6;5;6;3;7;7;7;5;6;4;5;4;5;5;4;6;5;4;5;4;5;4;5;5;5;5;4;5;4;5;4;5;65;1;5;1;2;4;"48485";NA
"548999";"Münster";9;9;9;7;7;7;7;7;6;7;7;9;6;8;6;3;3;1;1;1;1000;200;600;80;30;20;4;2;2;1;1;1;8;8;8;8;7;6;6;5;5;7;7;8;8;8;8;8;6;8;8;8;8;8;8;8;8;8;4;3;3;2;1;1;1;8;5;5;7;7;7;7;7;4;1;8;2;2;7;1;3;8;7;5;8;1;1;1;1;2;1;3;7;7;3;5;7;7;7;7;7;7;7;7;7;5;5;5;5;7;5;5;5;4;1;2;5;5;5;7;32;1;3;3;2;1;"48149";1
"552753";"Münster";7;9;6;7;5;5;6;3;2;0;0;5;4;5;7;6;4;3;6;7;0;15;0;0;0;50;6;3;2;2;3;2;5;10;6;5;4;5;4;6;5;5;4;4;2;6;7;5;5;6;8;7;8;5;5;7;8;7;2;10;0;7;0;0;0;5;3;2;3;2;0;8;7;0;2;6;4;8;7;4;3;7;6;5;5;0;0;0;0;0;0;3;5;4;3;1;1;6;3;5;4;4;3;3;2;4;2;2;3;3;3;1;1;2;1;2;1;2;1;3;16;1;1;5;1;2;"48703";NA
"546881";"Münster";10;8;9;10;9;9;8;6;10;5;6;10;7;10;4;8;6;6;4;6;60;180;450;60;6060;15;5;7;4;6;3;8;7;8;4;8;7;7;6;8;4;9;9;8;8;10;10;6;8;9;8;5;7;9;9;8;7;6;3;5;0;4;6;6;3;7;0;6;6;3;3;8;8;3;3;9;4;5;5;7;6;10;5;5;10;0;4;0;0;4;0;3;7;5;1;1;3;7;5;6;5;6;5;6;5;7;2;1;1;6;1;3;3;5;2;2;4;5;5;6;26;1;3;2;1;1;"48163";1
"542300";"Münster";8;9;10;8;8;10;5;9;9;5;8;10;3;8;5;10;8;7;7;5;200;350;1250;50;600;10;8;8;7;5;8;4;8;10;5;8;9;9;6;8;0;10;8;10;10;10;10;5;10;5;10;8;4;8;10;10;9;10;8;10;0;7;10;5;0;10;0;5;7;10;10;10;10;5;0;5;10;8;4;6;10;10;9;10;9;8;8;5;9;2;0;1;6;5;4;4;1;1;5;5;3;7;6;3;6;4;2;2;2;3;1;1;3;3;5;3;6;5;4;6;37;2;4;2;1;1;"81476";1
"546880";"Münster";8;5;9;5;7;7;8;8;6;6;5;8;8;7;9;9;7;8;8;8;50;150;400;50;40;40;6;5;4;5;6;7;10;10;7;9;7;7;3;7;6;5;7;8;8;6;7;7;9;7;8;9;8;8;7;6;7;4;8;6;5;4;4;4;1;5;6;7;8;4;4;5;7;4;8;6;4;3;4;3;4;5;5;4;10;5;7;0;0;3;0;NA;3;3;6;7;7;5;4;3;3;4;3;3;3;2;5;5;3;4;1;1;1;7;4;4;2;5;2;3;21;2;3;1;1;1;"48151";1
"547952";"Münster";10;10;10;10;8;10;7;10;10;10;10;10;4;10;7;7;7;4;5;5;60;250;200;50;120;0;0;5;7;6;5;4;10;10;10;10;2;6;0;0;0;9;9;6;6;7;7;6;10;10;10;10;7;4;6;10;7;10;10;10;0;10;0;8;0;0;0;2;6;2;2;5;5;3;0;10;6;3;0;0;2;10;0;8;10;0;0;0;0;0;0;3;7;6;2;1;2;6;7;7;5;4;6;1;5;4;6;3;2;6;5;4;1;6;1;1;1;1;3;6;36;2;3;1;1;3;"48301";1
"550271";"Münster";8;6;8;6;8;8;6;5;5;5;5;8;5;5;7;6;8;8;6;8;100;350;600;150;150;50;6;6;8;6;4;8;8;10;2;8;8;6;4;6;2;8;6;6;6;6;6;6;6;8;6;6;5;2;8;7;7;7;4;6;1;6;5;5;4;6;2;6;6;6;6;6;6;6;4;6;4;4;6;2;6;6;6;8;6;0;4;4;0;2;0;3;4;4;3;3;1;5;4;7;4;4;5;3;3;2;1;1;1;2;2;2;2;3;4;3;2;5;2;3;52;1;3;3;1;1;"44137";1
"549303";"Münster";9;7;8;9;9;7;7;9;3;5;5;7;5;3;5;8;9;5;8;8;0;15;0;20;5;5;8;6;7;7;9;7;9;8;6;7;10;7;6;7;9;8;6;7;3;2;6;9;7;9;7;7;9;7;7;8;8;9;8;8;6;0;6;2;6;8;4;7;7;7;5;5;6;6;5;6;5;5;6;4;4;8;8;8;8;6;6;0;2;2;4;1;6;5;4;4;4;6;4;6;5;6;6;2;4;6;1;4;3;6;5;5;4;3;3;3;3;4;6;7;16;3;1;1;3;3;"48629";1
"549303";"Münster";9;9;9;9;9;9;1;9;8;8;8;9;9;9;10;7;8;5;8;9;40;15;450;20;100;20;8;7;5;5;5;5;9;8;8;5;8;7;6;9;9;9;9;10;9;9;9;9;9;8;8;6;9;9;8;10;9;9;9;9;9;8;8;7;6;5;6;6;6;9;9;9;8;7;9;8;8;7;8;9;8;10;9;9;10;0;0;0;0;5;0;3;7;5;2;1;4;7;2;4;5;5;4;1;3;3;2;1;5;3;3;4;1;1;3;1;3;3;4;6;60;2;5;5;1;4;"52382";1
"549000";"Münster";10;10;10;10;10;10;10;5;7;4;8;8;4;8;8;8;8;8;8;8;200;250;180;200;300;0;8;6;7;7;8;10;7;7;4;6;7;7;5;4;2;10;10;10;10;10;10;8;7;5;8;10;10;10;10;7;7;10;2;3;0;3;6;8;2;0;0;7;8;10;10;10;7;5;3;2;4;10;8;5;2;7;4;6;10;0;4;0;3;3;0;3;7;4;1;1;1;3;1;2;2;5;5;5;6;7;2;2;4;4;1;3;2;7;6;3;7;5;3;3;45;2;3;1;3;3;"46286";1
"551299";"Münster";6;5;6;6;7;6;8;5;7;8;7;7;8;6;5;4;5;6;5;6;100;130;120;150;50;100;4;5;6;5;6;7;6;7;6;7;6;3;6;8;7;4;5;8;5;6;7;8;7;8;7;6;7;6;7;6;6;6;5;7;6;7;6;5;3;2;4;7;8;7;6;5;6;5;6;5;5;7;8;7;8;7;6;6;6;4;4;4;4;6;7;3;6;6;7;5;6;3;4;5;4;4;3;5;4;4;4;3;5;4;5;4;3;4;5;4;3;4;5;4;60;2;4;1;1;3;"46359";1
"551605";"Münster";10;10;10;10;10;10;10;10;10;10;10;10;10;10;5;10;6;5;5;5;20;100;100;25;50;25;10;10;10;5;5;5;0;5;0;5;5;10;4;5;0;8;8;10;5;10;10;5;5;10;10;10;10;10;7;10;10;10;0;5;0;5;5;10;4;5;0;8;8;10;5;10;10;5;0;7;10;10;10;10;7;10;10;10;10;4;4;0;0;0;0;3;5;5;2;2;2;3;2;4;7;6;6;5;5;6;2;5;2;5;2;2;2;4;4;1;4;2;7;7;39;2;3;3;3;2;"48249";1
"548666";"Münster";5;7;8;8;7;9;9;2;1;2;5;8;4;3;10;6;10;3;6;8;601;300;1200;200;200;150;1;5;5;6;7;4;4;4;5;6;4;7;3;8;5;4;6;5;4;7;5;4;6;5;5;4;6;6;7;3;4;6;4;4;5;6;4;7;3;6;3;4;5;4;7;4;5;3;7;4;6;4;7;3;5;2;5;6;3;4;3;3;0;1;1;3;7;5;4;6;5;4;5;7;5;3;4;1;3;2;4;6;3;4;5;3;7;5;3;5;6;5;4;5;50;1;3;1;3;3;"48317";3
"548998";"Münster";9;9;8;9;8;7;4;9;8;8;4;9;2;1;6;5;3;6;5;4;25;425;1300;300;150;75;4;6;4;6;6;7;10;10;2;7;9;9;8;8;8;7;7;8;6;8;9;8;10;10;7;10;7;5;10;9;8;9;8;9;1;8;6;6;5;7;6;7;7;6;5;10;9;5;3;6;6;4;1;2;8;8;6;5;10;6;6;1;2;6;6;3;7;6;3;3;6;6;7;4;5;7;7;4;6;5;5;3;7;6;6;5;6;6;2;3;1;6;5;4;34;2;3;1;3;2;"41363";1
"548660";"Münster";8;8;9;8;6;6;6;1;8;6;6;6;0;4;4;8;8;6;8;8;80;300;400;100;150;80;4;8;6;9;8;8;6;4;8;9;6;5;4;5;1;10;10;8;7;6;10;8;6;8;5;8;7;2;8;4;5;8;10;3;0;4;4;7;2;2;1;8;7;10;8;9;7;10;0;8;3;4;6;0;8;8;7;8;10;1;4;0;0;3;0;3;6;5;2;4;1;3;1;3;5;6;6;2;2;5;2;2;4;6;2;2;1;2;2;2;1;5;3;6;26;1;6;3;2;3;"49688";1
"550271";"Münster";8;8;8;8;8;8;8;5;5;5;5;5;5;5;3;3;3;3;3;3;10;300;580;100;100;20;3;3;3;2;2;3;6;10;2;10;5;5;5;5;5;5;5;3;3;3;3;3;4;4;4;4;4;4;4;6;6;6;6;10;2;10;5;5;5;5;5;5;5;3;3;3;3;3;4;4;4;4;4;4;4;6;6;6;5;3;3;3;0;3;0;3;3;3;2;2;2;2;5;5;7;7;7;6;7;6;1;1;2;7;4;1;2;2;3;1;4;4;4;7;54;1;3;1;1;1;"48149";1
"549091";"Münster";10;10;8;9;10;10;9;10;10;9;10;8;10;10;10;10;9;10;8;8;150;300;300;100;500;40;10;10;7;7;7;10;8;10;8;8;6;6;6;0;8;8;4;5;5;7;8;4;10;7;7;7;8;7;7;5;5;8;6;7;0;8;10;10;10;10;9;8;7;0;10;5;6;7;6;6;4;5;4;1;8;10;10;8;10;6;2;0;0;5;3;3;4;3;4;3;2;2;3;4;4;5;7;2;5;2;1;3;2;6;1;2;1;1;4;3;1;1;1;5;58;2;3;3;3;3;"48336";1
"545908";"Münster";8;8;10;8;9;8;9;10;8;10;10;10;8;10;8;8;7;8;7;8;800;400;400;400;300;50;4;5;6;6;8;8;10;10;8;10;10;7;7;5;10;10;10;10;9;6;8;7;10;10;10;10;10;0;10;10;10;10;0;3;0;0;1;6;0;1;0;8;7;10;10;10;10;8;4;8;4;4;6;0;7;10;10;10;10;1;1;0;0;3;0;3;6;2;6;7;3;7;3;5;3;7;1;2;4;3;3;3;3;4;5;2;5;2;4;2;3;5;5;5;80;1;5;1;2;1;"48161";NA
"547952";"Münster";10;10;10;10;10;10;10;10;10;10;10;10;10;10;10;10;10;10;10;10;100;300;200;50;75;15;10;8;2;10;6;6;10;10;10;10;8;8;8;8;8;10;10;8;8;8;8;8;8;8;10;10;10;10;10;10;10;10;1;3;0;2;5;5;5;4;5;8;8;7;7;8;8;7;5;5;8;10;6;3;3;10;10;6;10;0;0;0;2;0;3;3;7;2;1;1;7;4;6;6;6;7;7;5;6;7;4;4;4;6;2;1;2;5;6;4;4;5;4;7;56;2;3;1;2;1;"59075";1
"547163";"Münster";8;10;10;10;8;8;8;10;6;10;10;10;8;10;5;10;5;8;5;5;50;350;1000;200;150;50;5;5;5;5;5;10;8;8;5;8;6;6;2;6;5;10;8;5;5;5;8;6;10;10;8;10;10;5;5;8;10;10;5;8;0;5;8;5;2;8;5;10;8;8;8;8;8;6;6;10;5;8;8;2;5;8;10;8;10;8;5;0;0;2;0;3;6;5;2;4;1;5;2;6;7;5;6;3;4;6;4;6;4;7;4;1;3;2;1;1;4;7;4;7;38;2;3;1;2;4;"26939";1
"549091";"Münster";10;8;9;7;8;10;8;8;8;7;7;10;7;10;10;10;8;8;8;7;80;300;600;50;150;50;10;10;8;10;8;7;8;10;9;9;10;8;8;8;7;9;8;7;8;8;8;9;8;10;9;10;8;8;10;8;8;9;10;10;10;10;9;6;6;9;8;5;6;8;7;9;8;10;6;8;7;7;6;9;8;5;6;7;10;5;10;2;0;7;7;1;5;5;3;3;1;7;2;2;4;5;6;1;3;2;1;3;4;5;1;1;1;4;2;2;3;3;1;6;31;2;3;4;3;1;"12501";1
"548660";"Münster";8;8;10;8;9;10;7;10;8;5;6;10;5;9;6;8;6;8;8;6;300;150;0;100;100;40;8;9;7;9;6;2;10;8;3;8;6;6;3;3;2;10;6;4;3;3;8;10;6;10;10;5;10;6;8;10;10;10;3;3;0;5;10;10;4;8;0;6;8;5;9;4;7;8;3;9;3;8;7;0;3;10;8;7;5;8;4;0;2;0;2;3;5;6;3;4;1;5;3;7;6;4;5;7;7;6;2;2;3;5;2;4;3;5;6;3;7;5;2;6;24;2;3;3;1;1;"48167";1
"550245";"Münster";8;8;10;7;9;7;6;5;8;6;6;9;9;6;8;10;6;3;7;8;30;50;30;20;25;15;5;4;4;7;5;3;8;8;3;6;8;8;9;9;2;5;10;9;8;8;8;9;7;8;7;8;10;5;8;9;10;9;5;8;0;8;3;3;1;3;0;4;9;7;3;6;7;7;4;8;1;3;9;1;8;8;10;7;8;8;7;3;1;8;1;3;5;3;3;3;1;6;6;7;7;5;6;2;5;4;6;6;5;5;3;2;3;5;2;2;2;5;4;5;48;1;3;1;2;3;"48346";1
"554339";"Münster";8;9;8;7;8;7;7;9;7;8;9;7;4;8;3;6;4;6;6;3;40;110;180;180;70;20;4;5;6;5;4;6;10;10;9;10;9;9;8;8;0;10;10;9;9;8;8;9;8;8;5;10;8;3;9;10;10;10;10;10;0;9;3;3;2;9;0;8;8;8;6;6;7;7;0;7;5;9;6;2;8;9;9;9;3;0;0;0;0;0;0;3;4;3;2;1;4;3;4;6;6;6;4;1;1;3;4;3;3;5;4;2;5;4;2;2;7;6;7;6;70;2;5;1;1;3;"48317";1
"534352";"Münster";9;8;10;10;10;9;9;7;8;8;7;9;6;9;6;9;9;6;7;5;50;200;450;100;75;30;7;9;7;7;6;7;8;10;5;8;8;8;5;7;3;8;8;8;9;10;10;10;9;10;9;9;10;6;8;10;10;10;10;10;0;0;5;1;1;0;0;7;2;10;7;8;10;7;5;8;4;4;8;3;9;10;8;9;10;2;6;3;0;4;0;3;5;4;1;1;1;5;5;4;5;7;5;2;6;7;7;6;7;7;2;5;4;3;3;1;1;4;5;5;29;3;1;2;1;1;"48163";1
"549091";"Münster";10;8;8;10;9;10;8;10;5;8;9;10;7;10;8;10;7;7;8;8;100;650;650;100;500;50;8;8;8;8;6;7;7;8;7;8;10;7;8;7;7;8;9;8;7;8;9;8;7;8;9;8;10;8;10;7;8;10;9;7;7;8;7;7;7;7;5;7;6;9;5;8;7;6;4;7;8;5;5;2;8;6;5;7;8;6;7;3;3;5;5;3;7;5;5;4;1;3;4;4;4;6;6;2;4;2;5;4;3;5;2;3;1;7;5;3;2;6;1;5;30;1;3;3;2;1;"10247";1
"548998";"Münster";7;7;9;7;9;5;9;5;9;5;9;3;8;5;6;7;5;3;3;3;10;50;0;75;10;25;5;5;1;3;0;0;7;8;8;8;6;6;4;5;0;1;3;5;5;7;2;4;7;9;7;6;5;5;3;7;6;7;3;9;0;1;2;2;0;1;0;1;3;0;2;2;5;7;3;1;8;1;8;7;1;6;8;2;7;0;3;0;0;7;5;3;6;3;2;2;4;6;6;6;5;5;6;6;6;5;4;4;6;6;3;3;2;2;4;2;4;3;5;4;16;2;1;3;1;1;"48147";1
"543073";"Münster";10;3;10;8;8;6;5;8;5;5;5;4;3;6;5;7;4;4;6;3;50;150;300;100;100;20;6;1;4;5;4;4;7;9;7;7;7;7;4;6;3;8;8;2;2;7;7;3;7;6;5;3;6;3;3;10;10;9;7;8;3;3;7;7;2;4;3;8;8;2;2;7;7;2;4;6;6;1;6;1;1;9;8;7;10;8;6;1;5;1;2;1;4;2;2;2;5;4;4;3;6;5;5;2;4;4;3;2;2;5;5;2;3;6;6;5;6;5;6;6;39;1;3;3;2;1;"59065";1
"548660";"Münster";10;10;10;10;10;10;10;10;10;10;10;10;10;10;7;9;4;8;8;4;150;300;320;270;100;100;5;8;8;8;9;9;10;10;8;10;10;10;10;10;5;10;10;5;5;5;6;5;10;10;10;8;10;10;2;10;10;10;0;8;2;6;2;3;9;8;7;10;10;10;0;8;9;3;6;9;0;0;8;2;1;10;10;10;7;1;1;0;2;6;0;3;6;6;5;6;6;6;5;5;2;6;6;5;4;5;4;5;5;4;4;4;5;4;5;5;5;6;6;7;68;1;5;3;2;2;"32545";NA
"548112";"Münster";9;9;10;8;9;7;7;9;8;7;9;10;7;10;7;9;7;8;8;7;500;1000;400;500;400;100;8;8;9;9;8;10;10;10;5;8;8;6;5;7;3;7;8;8;5;8;7;5;8;9;0;8;8;5;6;9;9;9;7;9;0;7;7;5;5;7;3;7;8;8;5;9;7;5;7;8;0;4;8;5;6;9;9;9;10;5;7;3;3;2;0;3;5;5;5;5;2;4;2;4;4;5;5;5;5;6;4;2;2;6;4;4;4;4;5;4;5;4;4;6;58;1;3;3;4;3;"48485";2
"542300";"Münster";8;9;9;7;9;9;6;8;8;8;10;10;8;10;10;10;8;10;10;4;200;400;240;40;20;0;8;10;6;8;10;10;10;10;10;10;10;10;8;5;7;10;10;4;9;0;8;10;8;6;10;10;10;10;10;10;10;10;0;0;0;0;9;9;9;6;0;10;10;10;9;10;8;10;2;6;0;10;10;0;10;10;0;10;10;10;8;0;6;6;0;3;7;7;1;1;5;4;1;7;7;7;7;5;6;7;1;1;1;1;1;1;1;1;5;1;1;1;1;4;84;2;5;1;1;2;"48231";NA
"553301";"Münster";8;7;9;7;8;7;5;6;9;5;4;10;7;6;10;10;8;8;10;5;250;100;NA;50;100;20;8;9;7;10;8;8;9;10;3;8;5;4;1;1;0;10;10;8;2;5;8;10;2;8;10;5;10;0;10;1;10;10;1;2;0;4;5;0;0;5;0;4;6;2;5;1;4;9;0;10;8;9;2;0;10;5;10;5;4;2;3;1;0;0;0;3;6;3;3;3;1;2;6;4;2;7;7;7;6;4;2;2;1;5;2;1;2;7;5;2;6;4;2;7;23;1;2;1;1;2;"45721";1
"547952";"Münster";6;8;10;9;10;10;10;6;7;7;6;10;6;5;2;4;3;2;2;6;350;400;190;60;350;10;1;1;1;1;0;1;4;8;5;5;3;3;3;3;0;5;5;5;3;1;2;5;2;6;2;5;6;6;5;3;8;4;0;1;0;0;0;0;0;3;0;3;4;5;3;1;1;5;0;6;2;0;5;6;4;5;8;5;10;0;0;0;0;0;0;3;7;6;4;4;1;3;1;7;7;4;6;3;2;3;1;1;1;6;1;1;1;4;4;2;5;3;5;7;51;2;3;2;1;4;"48249";2
"549000";"Münster";8;5;8;5;5;10;5;8;1;4;1;8;1;5;2;10;5;5;2;2;200;150;150;30;25;10;3;5;3;9;5;9;10;8;8;8;4;4;8;6;0;5;6;5;5;8;8;6;5;8;6;8;8;5;6;8;8;8;2;4;0;2;2;2;0;4;0;4;6;5;2;8;6;1;2;6;0;4;6;0;4;10;10;5;8;1;0;0;0;0;0;3;5;1;5;3;2;6;3;6;7;5;5;2;2;2;1;1;3;4;3;3;1;1;5;5;3;6;3;3;59;2;3;3;3;3;"46325";3
"543073";"Münster";9;6;8;5;6;8;3;8;5;4;3;8;3;7;7;7;7;8;7;8;100;200;400;50;100;15;5;7;5;7;7;8;8;9;7;7;9;3;7;3;4;6;6;7;5;6;7;6;5;8;8;9;5;4;7;7;7;7;6;7;3;2;3;10;3;3;1;3;3;4;2;5;6;4;2;4;6;2;3;1;3;7;9;5;6;3;3;2;0;4;2;3;7;6;6;6;1;7;2;4;5;3;5;5;7;5;2;4;5;5;2;1;2;3;2;1;4;3;3;6;25;1;2;1;1;2;"48231";NA
"548660";"Münster";10;10;10;10;10;10;10;9;8;9;7;7;8;5;4;8;4;10;5;7;50;0;0;25;100;10;2;2;5;8;10;3;10;10;5;10;6;3;10;8;3;10;9;8;6;7;7;5;8;10;6;6;10;8;8;10;8;9;5;8;0;10;2;1;0;8;3;5;5;4;2;8;7;0;5;5;4;3;10;4;5;8;4;7;3;0;0;0;1;0;0;3;7;6;6;6;1;7;4;7;7;6;5;6;5;4;4;4;4;3;4;2;5;4;3;4;4;2;3;4;16;1;1;3;1;2;"48167";NA
"545908";"Münster";8;9;9;7;7;9;9;0;0;0;0;10;0;10;8;10;8;10;5;5;600;300;300;200;100;100;0;2;8;7;8;0;10;10;10;10;8;3;3;5;5;10;10;10;8;10;10;10;10;10;10;10;10;5;10;10;10;8;2;10;0;2;0;10;0;10;0;10;10;10;3;10;10;3;7;10;10;10;7;3;3;10;10;3;10;0;0;0;0;0;0;3;4;1;3;6;5;7;6;1;5;5;6;1;1;6;6;6;6;7;7;7;7;1;1;1;1;6;3;6;55;1;3;1;3;1;"48161";1
"550245";"Münster";8;8;9;10;10;10;0;10;10;10;10;10;10;10;8;8;7;7;8;8;200;400;600;100;150;50;8;8;8;8;8;8;0;10;0;5;5;0;0;6;0;7;9;5;7;9;7;9;7;8;5;9;8;0;5;10;10;8;0;10;0;5;5;0;0;7;0;7;9;5;7;8;7;9;7;8;5;9;8;0;5;10;10;8;8;4;5;0;0;5;3;3;4;4;5;5;4;3;5;7;4;5;6;1;4;3;5;5;6;5;5;3;4;4;4;2;1;3;4;4;66;2;5;1;2;3;"48346";NA
"547163";"Münster";10;10;10;10;10;10;10;10;10;10;10;10;10;10;9;10;10;9;9;0;0;300;600;100;0;0;10;10;6;9;10;10;10;10;10;10;5;5;4;7;7;9;9;10;10;10;10;10;10;10;10;10;10;10;10;10;10;10;10;0;0;0;5;5;0;5;5;9;9;10;10;10;10;9;9;9;7;7;9;2;5;10;10;10;5;7;7;0;8;0;0;3;4;3;3;5;4;6;4;6;6;6;5;4;5;5;1;1;1;7;5;5;3;2;4;1;1;4;1;7;56;2;3;1;2;2;"49536";1
"545908";"Münster";8;8;10;8;9;8;9;10;8;10;10;10;8;10;5;8;7;8;7;8;300;250;250;50;150;30;4;5;6;6;8;8;10;10;6;10;10;7;7;7;5;10;10;10;9;6;8;7;10;10;10;10;10;0;10;10;10;10;0;3;0;0;1;0;0;1;0;8;7;10;10;10;10;8;4;8;4;4;6;0;7;10;10;10;10;1;1;0;0;3;0;3;6;2;6;7;3;7;3;5;3;7;1;2;4;3;3;3;3;4;5;2;5;2;4;1;4;6;4;4;83;2;5;1;1;1;"48161";NA
"542732";"Münster";8;8;8;8;7;7;7;8;5;6;6;9;5;5;7;7;8;8;5;5;250;150;600;60;100;50;8;8;8;7;5;8;9;9;10;10;7;7;7;10;8;8;5;10;10;10;10;10;8;8;10;10;10;10;10;5;8;8;6;6;5;4;7;5;5;5;2;2;2;7;7;9;9;1;2;2;3;8;7;4;5;6;7;7;10;0;0;0;0;3;0;3;3;3;3;3;5;5;3;5;5;6;2;1;1;1;2;2;6;6;1;1;2;2;4;4;2;5;2;5;53;1;3;1;2;2;"49477";1
"548999";"Münster";8;8;8;8;8;8;8;7;5;5;6;10;5;9;7;7;7;3;5;4;30;0;0;70;0;0;4;6;4;0;2;1;10;10;10;10;7;7;7;5;6;7;7;8;8;8;9;8;8;8;9;9;9;9;9;10;10;10;8;6;6;9;2;9;7;8;2;2;7;2;5;4;1;1;7;1;9;9;2;5;5;8;1;1;10;0;2;0;0;5;0;3;7;7;1;1;7;7;7;7;7;7;5;7;7;7;5;5;6;7;6;7;7;7;6;6;7;7;7;7;17;2;1;5;1;1;"48159";NA
"545908";"Münster";10;10;10;10;10;8;10;10;0;10;10;10;0;10;7;6;4;10;6;10;150;400;0;400;400;100;4;0;7;0;4;0;10;10;7;10;10;4;8;5;5;10;10;10;10;8;10;8;7;10;10;10;10;4;4;10;10;10;0;8;0;0;2;2;6;10;10;10;10;0;0;8;8;3;4;10;3;0;8;4;4;8;10;4;10;3;3;3;8;0;0;3;6;5;1;2;5;7;7;1;7;2;4;7;7;7;1;7;1;7;7;5;3;5;5;3;7;7;1;3;56;2;4;1;4;1;"48161";1
"548112";"Münster";10;6;7;8;10;10;6;6;7;7;9;10;7;7;3;8;6;7;4;4;150;300;600;100;150;100;8;10;7;10;7;8;10;10;10;10;9;10;9;10;5;10;10;10;10;10;10;10;10;10;10;10;10;10;10;10;10;10;3;8;0;4;9;8;8;10;0;10;10;6;6;10;10;5;2;10;10;10;10;10;10;10;10;10;10;2;10;0;0;8;3;3;7;7;2;2;1;6;3;4;6;7;7;2;3;5;6;5;6;7;1;1;2;3;1;2;5;5;4;7;40;1;3;1;2;2;"59075";1
"547954";"Münster";8;7;8;8;6;7;5;7;5;7;5;7;5;7;5;6;6;5;5;6;300;400;400;50;500;60;6;7;6;7;6;5;7;6;6;7;7;7;7;7;6;5;5;6;5;7;5;6;6;7;6;6;6;6;7;6;7;7;6;7;6;5;7;8;8;8;7;6;6;8;8;6;5;8;8;6;7;5;7;5;5;7;5;7;9;8;6;8;6;7;7;3;7;7;7;6;7;6;7;5;6;5;6;6;6;6;5;6;6;7;7;7;7;6;6;5;5;5;5;6;81;1;5;1;1;4;"48432";NA
"546881";"Münster";10;9;10;10;8;8;8;7;6;5;4;9;5;5;9;9;7;7;5;6;200;250;100;150;100;80;6;8;8;7;6;8;8;9;7;9;9;9;7;8;6;8;9;10;8;10;9;7;9;9;10;8;9;9;8;9;9;9;6;8;4;6;8;8;4;8;2;10;8;7;6;9;9;5;6;8;9;3;9;4;5;10;7;6;10;5;4;6;0;7;5;1;7;6;4;4;3;5;4;7;7;6;5;7;7;6;1;6;3;7;3;3;2;4;3;4;7;6;7;7;47;2;4;1;2;1;"48167";NA
"546880";"Münster";7;7;8;7;7;6;6;8;7;7;8;8;7;6;8;8;6;8;7;8;100;350;1280;20;50;56;7;8;7;8;7;7;8;8;6;8;3;3;0;3;3;6;6;5;4;7;5;5;8;5;2;5;8;5;5;9;9;9;2;9;0;5;1;1;0;4;0;5;5;5;3;5;5;5;5;5;2;7;4;2;2;9;9;5;10;0;0;0;0;0;0;3;6;6;3;3;3;4;3;5;6;4;5;3;3;4;3;3;3;3;3;3;3;3;2;4;2;3;3;4;50;1;3;1;3;1;"48165";1
"551067";"Münster";10;8;8;10;10;10;5;5;8;10;9;10;7;10;8;10;8;5;8;5;45;200;580;70;50;0;0;5;5;9;9;5;7;9;4;7;4;4;4;8;0;6;7;2;7;8;8;9;7;9;0;0;5;0;0;9;10;8;0;10;0;9;0;0;0;10;0;2;7;0;7;9;6;4;5;9;0;0;6;0;0;7;10;8;10;0;0;0;0;0;0;3;6;4;7;5;3;2;1;5;7;6;7;2;6;7;1;1;2;5;5;3;1;1;6;7;7;5;4;4;66;2;5;1;1;3;"33775";1
"551255";"Münster";7;9;9;9;9;5;6;4;7;7;6;10;7;5;6;5;7;8;8;7;50;250;400;80;200;50;9;6;5;6;7;7;9;9;9;9;7;8;6;5;4;5;5;10;6;5;4;9;6;10;10;8;5;7;7;8;8;8;0;10;2;6;1;1;3;3;3;8;8;7;0;9;9;7;10;8;6;5;8;9;8;7;7;7;9;0;6;0;0;0;0;3;4;5;6;7;5;6;6;6;4;4;5;3;3;3;3;5;5;3;3;5;7;2;3;4;5;7;7;7;47;1;3;1;2;3;"46325";1
"548121";"Münster";8;9;7;8;9;10;5;9;7;8;5;10;5;8;10;8;10;7;9;10;600;300;300;200;100;50;10;8;10;10;10;10;8;10;8;8;8;7;2;9;2;10;10;10;8;10;10;10;8;10;10;10;10;0;8;0;10;10;5;8;0;6;8;6;2;6;0;9;8;8;10;8;10;6;5;10;7;8;7;0;4;10;9;7;10;5;7;0;0;8;5;3;6;5;4;4;4;7;5;7;6;6;7;4;6;6;7;1;3;7;4;1;3;7;6;4;6;6;5;5;57;1;3;3;2;3;"48565";1
"550271";"Münster";7;7;7;7;7;7;7;7;7;7;7;7;7;7;7;8;5;8;7;8;150;500;300;200;300;150;3;5;5;5;5;8;7;8;7;7;7;7;7;9;8;8;8;7;7;7;7;7;8;8;8;NA;7;7;10;7;9;10;2;2;0;0;5;5;6;8;5;8;8;5;5;5;5;5;4;8;2;2;2;2;8;2;9;7;5;4;4;2;0;3;4;3;4;5;4;4;1;3;2;3;5;5;5;4;6;5;2;2;2;4;4;4;4;2;2;2;4;4;5;5;50;1;3;4;4;1;"58097";2
"547954";"Münster";9;8;8;7;8;6;7;6;7;6;7;5;6;5;5;5;5;6;5;6;400;300;400;50;60;40;7;4;5;6;6;4;6;6;6;6;5;6;6;7;6;5;6;4;6;5;6;6;4;4;6;8;9;7;6;8;6;7;5;7;5;5;6;6;5;6;5;6;5;5;6;5;6;5;7;6;5;6;7;6;7;6;5;5;6;5;7;5;6;5;5;3;7;6;7;6;4;6;5;6;5;5;5;6;6;7;5;6;5;6;6;6;6;5;6;7;7;6;5;6;85;1;5;5;1;4;"48432";NA
"547952";"Münster";9;7;9;8;8;9;8;9;7;7;7;10;6;7;5;7;5;5;5;6;300;100;720;150;100;50;8;3;4;5;7;8;10;10;6;10;8;8;2;10;4;8;8;8;8;8;9;8;8;8;10;7;8;8;8;10;8;10;5;5;0;5;2;7;9;8;2;3;3;8;8;8;9;2;8;7;9;8;8;8;6;9;4;8;7;2;2;0;0;3;1;3;6;6;4;4;2;6;4;7;5;4;5;6;6;4;4;4;4;4;2;2;3;5;4;2;5;4;4;5;32;1;3;2;2;1;"59065";1
"553301";"Münster";7;8;8;8;6;5;3;10;7;4;8;10;2;10;6;10;2;1;4;1;400;1000;1200;100;100;50;0;6;2;5;4;6;8;8;2;5;2;1;1;4;0;8;8;8;6;5;6;4;0;5;4;8;4;2;5;8;2;8;1;9;0;6;0;0;0;6;0;10;7;10;3;6;7;5;0;6;8;5;8;10;6;7;0;9;10;0;0;0;0;2;0;3;2;1;3;2;1;5;4;6;6;5;3;3;4;1;4;2;3;1;1;4;1;1;1;1;1;4;6;7;41;2;4;3;3;3;"45721";NA
"551605";"Münster";10;6;5;5;7;6;4;10;0;7;2;10;5;3;7;7;5;10;8;4;100;80;0;250;100;15;0;2;3;0;0;3;8;10;2;7;5;4;4;6;6;6;5;6;4;4;6;4;8;6;4;10;5;5;7;8;3;7;0;3;0;3;0;0;0;5;2;1;2;0;5;7;5;4;0;8;1;0;3;10;1;9;0;4;2;0;0;0;0;1;0;3;7;2;7;7;1;1;2;6;3;4;7;2;7;2;1;1;5;6;7;7;4;6;6;2;3;4;6;5;23;1;3;1;1;2;"48249";1
"549671";"Münster";10;6;7;7;3;4;2;1;5;9;7;10;0;10;4;8;2;6;1;3;20;150;250;200;100;100;3;6;4;5;2;0;8;10;3;10;3;0;6;3;0;10;10;6;6;2;10;3;4;8;9;9;8;2;8;10;6;7;10;10;0;10;0;0;5;4;0;10;7;6;10;10;4;6;3;10;1;10;7;0;9;10;10;10;9;0;4;0;0;0;0;3;4;3;1;1;1;2;4;7;4;6;7;7;7;5;2;4;5;7;3;5;1;4;7;5;2;5;7;7;26;2;3;3;2;1;"48151";1
"552753";"Münster";6;5;6;9;8;8;5;4;5;4;4;8;5;2;2;6;3;5;4;1;0;400;220;50;250;300;0;2;4;8;2;2;8;6;4;6;5;4;0;6;0;5;5;8;5;8;8;5;5;8;2;5;8;5;4;6;6;4;0;2;0;0;0;0;0;2;0;5;5;8;0;8;8;2;5;8;2;5;10;0;4;4;5;2;8;0;2;0;0;0;0;3;4;3;6;7;2;6;3;5;4;5;7;2;2;1;2;3;2;6;3;4;4;2;6;3;5;2;2;6;52;1;3;1;4;2;"48703";1
"542732";"Münster";10;10;10;10;10;10;9;8;7;9;10;10;7;10;8;10;8;8;6;6;150;120;700;40;70;10;7;9;8;6;6;10;10;10;10;10;8;8;8;10;8;8;7;8;6;8;10;10;9;9;8;10;10;8;10;8;10;10;2;5;0;3;7;4;1;8;0;6;8;8;7;8;8;7;3;5;4;8;8;4;8;8;10;10;10;0;2;0;0;0;0;3;4;4;2;2;4;7;3;6;6;7;4;2;2;2;2;2;5;5;1;1;1;1;1;1;1;6;2;2;54;2;3;1;1;2;"49477";1
"544775";"Münster";8;8;10;8;8;10;7;8;8;8;8;8;5;9;5;7;7;0;7;9;18;60;380;12;85;55;5;5;6;10;5;2;0;10;4;8;1;1;2;8;5;5;5;7;6;7;4;5;0;10;4;5;8;0;5;5;7;7;0;8;0;6;0;0;1;7;2;5;5;10;6;8;0;5;0;8;0;5;5;0;3;9;0;5;7;3;4;2;0;0;0;3;5;3;4;4;1;6;4;4;6;4;5;1;3;2;1;1;7;7;5;3;1;5;4;2;1;4;5;5;47;1;3;3;2;3;"48485";1
"548112";"Münster";10;10;10;8;8;8;8;4;4;4;5;4;4;4;10;10;10;10;8;6;200;250;100;100;50;100;10;10;8;8;6;8;8;10;4;6;8;8;6;4;0;10;10;8;8;8;6;6;6;10;10;6;10;6;8;10;6;4;8;10;4;10;8;8;6;4;0;10;10;8;8;8;6;6;6;10;10;6;10;4;8;10;6;4;7;0;4;0;0;2;0;3;4;4;6;6;2;4;2;6;5;6;7;3;1;1;1;1;1;6;1;2;2;6;5;4;2;2;6;6;38;1;3;3;2;2;"48565";1
"548660";"Münster";10;10;10;10;10;10;10;10;10;10;10;10;10;10;7;9;4;8;8;4;100;350;300;250;100;100;4;8;7;10;10;10;10;10;9;10;10;10;10;10;10;10;10;6;5;5;6;6;10;10;10;8;10;10;2;10;10;10;0;7;2;6;2;2;9;8;7;10;10;10;0;9;9;3;7;9;0;0;8;0;0;10;10;10;10;1;1;0;0;5;0;3;6;5;6;4;5;7;3;4;2;5;6;4;4;5;5;4;4;4;4;4;5;4;5;4;7;6;7;7;67;2;5;4;3;2;"32545";NA
"547954";"Münster";7;7;6;7;6;7;6;7;5;6;5;6;5;6;7;5;6;5;6;5;150;100;400;50;80;40;3;4;5;6;5;6;10;10;4;7;6;4;5;7;5;6;5;6;4;1;7;5;4;6;6;5;6;5;5;5;3;5;7;7;6;7;6;5;4;5;7;8;7;5;4;6;5;4;5;5;3;4;3;4;4;3;4;3;2;3;2;3;2;2;1;2;4;5;4;5;4;4;4;4;5;5;6;7;7;6;5;5;6;5;4;4;4;3;4;5;6;5;6;5;40;1;3;1;2;3;"48485";1
"549826";"Münster";10;10;10;8;7;10;8;10;7;10;10;10;6;10;7;10;8;7;8;8;40;500;180;100;100;30;5;6;5;8;5;NA;7;8;8;5;2;5;5;7;NA;10;7;5;10;5;8;8;10;10;6;10;8;6;5;10;9;8;2;5;0;0;0;10;2;5;NA;10;7;5;10;8;8;5;8;10;0;7;8;3;8;10;8;8;10;3;3;0;0;NA;0;3;5;3;1;1;1;7;2;7;5;5;6;5;7;4;2;4;5;4;1;1;4;1;4;1;1;3;2;3;77;2;5;1;NA;3;"48361";NA
"551067";"Münster";9;8;10;10;9;10;8;10;9;8;10;10;7;10;8;10;8;8;7;7;25;150;350;100;150;20;5;5;3;5;3;2;7;10;3;10;8;8;5;5;4;9;8;8;8;5;8;4;6;7;7;7;8;7;8;9;7;8;0;8;0;10;0;0;0;0;1;2;3;3;6;5;5;6;1;4;4;4;3;1;0;7;4;5;10;2;2;0;0;3;2;3;6;2;2;2;2;6;2;7;3;6;5;1;2;2;1;1;2;3;1;3;3;4;4;3;2;4;4;4;50;2;3;2;3;3;"33775";1
"549091";"Münster";10;10;9;8;10;10;8;10;10;8;10;10;7;10;10;10;8;7;6;10;200;300;70;85;300;10;5;10;7;8;6;10;7;10;9;9;9;8;7;8;8;9;10;7;8;8;8;9;10;10;8;10;8;9;10;7;8;9;5;10;10;10;9;6;6;9;8;6;7;7;8;9;8;10;6;8;7;6;7;9;8;5;7;6;10;5;10;2;0;7;8;1;5;5;3;3;1;3;6;2;5;6;6;1;3;2;1;2;5;1;1;1;4;2;3;3;NA;2;3;1;28;2;3;4;3;4;"59320";1
"534352";"Münster";7;5;7;8;7;8;5;7;4;4;3;8;3;5;0;7;3;0;8;6;40;20;0;2;800;100;0;0;4;5;0;0;7;8;2;7;5;5;5;3;6;7;7;4;3;3;3;3;4;10;7;8;4;3;4;4;8;4;8;3;0;0;0;1;0;0;0;0;0;0;0;6;0;0;6;2;3;1;10;2;0;1;0;9;10;0;0;0;0;4;0;3;7;7;6;7;7;6;5;5;6;5;6;1;5;6;5;2;1;7;4;3;1;2;2;1;1;6;3;6;17;1;1;5;1;4;"48720";1
"543073";"Münster";4;6;9;3;2;1;5;10;9;9;10;10;9;9;5;8;7;9;3;4;300;400;900;50;200;0;0;4;5;10;5;10;9;9;7;9;7;5;6;5;5;8;8;7;7;7;8;9;8;8;8;9;9;9;9;9;9;9;0;3;0;0;8;8;7;10;2;8;8;8;2;9;7;8;9;9;9;9;9;9;9;9;9;9;8;7;5;0;0;8;0;3;4;1;1;2;1;2;2;4;5;5;5;1;1;4;1;1;3;4;1;2;2;2;2;2;2;3;2;5;34;1;3;1;3;2;"58730";1
"549826";"Münster";8;5;9;10;5;7;6;6;5;5;7;10;6;9;4;6;7;7;5;6;0;10;0;0;0;20;7;6;6;6;5;5;9;9;7;8;5;1;5;4;3;5;9;6;6;6;10;5;5;5;4;6;5;5;5;10;10;7;9;8;4;4;4;2;4;4;1;5;5;5;4;6;6;5;3;3;1;5;2;3;3;10;6;4;5;0;3;3;0;0;0;3;5;6;2;5;2;7;4;5;7;4;5;5;4;4;4;7;4;5;5;3;5;4;5;1;1;3;3;3;13;1;1;NA;NA;3;"48361";NA
"551605";"Münster";6;6;10;10;8;8;6;9;1;8;7;10;1;10;2;5;0;5;5;6;150;200;700;100;150;50;3;5;5;6;0;10;6;10;5;10;5;5;2;7;1;10;7;6;5;4;10;10;10;8;6;8;9;4;5;3;5;8;0;5;0;3;1;2;0;10;0;10;0;0;7;8;3;4;4;8;2;0;5;0;0;8;0;6;10;0;0;0;0;0;0;3;6;5;1;4;1;3;1;4;7;3;5;3;7;7;1;1;1;3;1;5;1;4;6;1;4;3;1;2;28;2;3;3;2;2;"48249";1
"549823";"Münster";10;10;10;9;10;10;8;9;10;9;8;10;8;8;9;9;6;5;8;3;100;250;800;50;100;10;9;9;6;9;9;10;10;10;1;10;6;6;5;8;3;10;10;9;9;9;9;8;8;9;7;10;10;7;9;10;9;9;6;10;0;8;6;6;4;9;0;10;10;10;10;10;10;7;7;8;5;10;8;5;9;10;9;9;10;7;6;0;0;2;0;3;6;3;2;2;6;7;4;7;6;6;7;2;4;6;4;4;7;7;1;1;1;2;1;1;4;4;5;6;67;2;5;1;1;3;"48341";NA
"551067";"Münster";6;10;10;10;10;10;10;10;10;10;10;10;10;10;5;10;5;3;3;5;100;250;250;50;20;0;6;0;5;10;10;5;7;7;10;7;5;0;5;0;0;10;10;10;10;10;10;10;10;10;10;3;10;10;3;10;10;10;0;2;0;0;0;0;0;10;10;10;10;10;10;10;10;10;7;10;10;5;10;10;9;10;10;10;10;2;2;0;0;5;0;3;7;3;4;2;1;3;1;4;5;7;7;1;2;3;5;4;4;5;2;1;2;1;2;2;3;4;1;7;60;2;3;2;1;2;"33775";1
"547163";"Münster";5;5;5;5;5;6;5;9;9;8;8;9;9;9;5;5;5;5;5;5;100;200;500;50;50;60;10;10;10;10;10;10;10;10;10;10;10;10;5;5;7;7;7;8;8;8;8;9;5;5;5;7;6;5;6;9;5;5;8;8;5;6;7;8;8;8;8;7;7;9;4;4;4;5;5;6;0;7;7;8;8;5;5;7;7;5;6;5;6;6;6;3;5;5;6;5;5;6;6;7;5;6;6;5;5;5;6;6;6;7;4;5;5;4;5;5;5;4;5;7;67;1;3;3;2;2;"45770";2
"548112";"Münster";6;7;8;8;7;7;5;8;7;7;7;10;4;8;6;8;6;7;5;7;500;300;500;250;150;200;4;5;4;4;3;5;3;5;8;7;7;7;6;8;5;7;6;7;7;8;8;6;7;8;8;8;10;8;9;8;6;7;0;2;5;4;5;5;3;7;4;3;3;5;5;4;3;1;3;5;3;3;5;3;6;8;3;2;3;2;1;0;0;2;0;3;6;3;2;2;1;4;4;4;5;5;5;2;5;5;2;2;2;4;3;4;3;4;4;2;4;3;2;2;27;1;3;1;2;4;"59387";1
"545845";"Münster";8;9;7;8;8;9;8;9;9;8;9;8;9;9;4;10;8;8;4;8;200;150;800;200;250;50;4;8;5;10;4;9;8;7;8;8;9;8;6;7;8;7;7;8;7;6;8;8;8;9;6;8;8;7;9;7;7;7;5;4;2;2;1;1;2;1;2;6;7;3;2;4;2;2;3;8;2;5;5;2;5;6;5;5;8;4;4;3;2;2;2;3;6;4;4;4;1;5;5;5;6;6;5;2;2;2;2;2;3;6;3;3;4;2;1;1;3;6;7;7;60;1;5;3;2;2;"48231";NA
"548998";"Münster";9;5;8;8;6;6;5;0;0;3;0;5;0;0;9;9;9;6;8;5;30;200;500;100;20;50;5;2;8;6;5;0;8;9;3;8;0;6;0;0;0;6;6;8;6;0;0;0;6;9;0;9;0;0;5;6;2;3;9;9;0;9;0;0;0;9;0;0;0;0;9;0;0;0;0;5;0;9;9;0;5;5;0;0;9;5;0;0;0;0;2;3;3;2;2;6;4;5;6;7;4;7;7;3;4;3;2;2;1;6;2;2;2;1;6;2;2;2;3;6;38;1;3;1;2;1;"48165";1
"547163";"Münster";10;10;10;10;10;10;10;10;10;10;10;10;10;10;5;10;5;10;10;5;80;200;600;200;350;20;5;5;5;5;5;5;10;10;10;10;5;5;5;0;0;10;10;5;5;5;5;5;10;5;5;10;10;5;10;10;10;10;0;10;6;10;0;5;0;5;0;5;5;5;5;5;5;5;5;5;0;5;10;0;5;10;10;10;5;0;0;0;0;0;0;3;5;3;1;1;1;2;1;7;5;5;5;4;7;7;4;1;4;5;4;4;1;1;3;1;6;1;4;6;52;2;5;1;3;3;"49610";3
"551255";"Münster";8;7;10;8;7;8;6;8;5;5;5;5;10;8;7;9;6;7;4;8;20;0;50;80;50;40;6;7;5;5;2;7;8;8;5;5;0;0;0;0;8;7;8;8;5;7;6;6;8;7;8;8;0;7;7;7;5;6;8;6;0;5;0;0;0;0;0;6;4;8;2;3;5;2;2;6;0;6;7;0;4;3;5;5;8;0;0;0;0;2;2;3;7;7;4;6;2;7;4;4;3;3;6;3;5;5;7;6;6;5;5;3;4;3;3;3;7;5;4;3;24;1;2;3;1;3;"46325";NA
"549091";"Münster";10;7;8;5;8;6;5;4;6;0;4;7;1;6;0;9;7;6;7;3;250;200;200;80;350;30;5;7;8;6;3;7;7;6;3;3;7;6;7;4;2;9;6;7;5;3;9;7;8;7;6;8;7;7;8;10;6;5;1;6;2;3;8;9;4;5;1;1;1;7;5;6;6;2;2;8;1;7;3;1;5;8;0;7;5;6;7;1;1;7;2;1;5;2;2;2;1;5;1;3;4;5;4;1;4;2;1;1;1;3;2;1;1;1;1;4;3;4;4;6;30;2;7;1;2;1;"48143";1
"551255";"Münster";8;8;8;7;8;8;7;6;8;8;8;7;8;6;4;7;7;8;8;8;100;250;150;150;100;50;6;5;6;6;7;5;7;7;7;6;8;8;8;8;0;9;9;0;0;5;5;8;9;9;6;9;10;0;7;7;7;7;0;8;0;0;2;2;2;7;0;10;10;0;0;0;8;9;9;9;0;0;8;0;3;7;7;6;6;5;3;4;0;0;0;3;6;2;2;2;7;2;7;3;4;6;7;4;3;4;4;3;5;5;6;4;3;2;3;2;1;2;2;2;79;2;5;1;2;4;"46325";NA
"547163";"Münster";10;10;10;10;6;5;5;10;10;10;10;10;10;10;2;2;3;0;6;0;120;150;520;100;50;10;8;1;5;8;5;6;10;10;8;10;10;8;5;0;2;10;10;10;10;9;10;4;10;10;10;10;8;10;10;10;10;10;2;3;1;2;0;5;0;0;2;10;10;5;8;5;2;10;2;7;2;1;4;1;3;6;9;7;9;0;1;0;1;0;0;3;7;4;6;5;2;7;3;7;6;5;5;6;4;7;5;3;5;6;5;3;4;7;6;7;7;7;2;5;34;2;3;1;1;2;"49134";1
"534352";"Münster";6;8;7;8;8;10;5;4;9;5;7;9;5;10;6;9;6;7;5;8;50;300;1200;100;20;0;5;7;5;5;8;8;8;10;8;9;7;7;3;10;7;10;10;10;10;10;10;8;7;8;8;8;8;8;8;6;8;10;6;10;4;4;1;5;1;10;1;8;8;5;5;5;5;5;5;8;10;9;9;2;6;10;10;9;9;2;2;1;0;1;0;3;4;2;2;2;3;4;3;6;6;5;4;3;4;5;5;6;6;6;4;2;4;2;5;2;2;6;6;6;49;2;3;1;1;2;"48653";1
"548112";"Münster";10;10;10;10;10;9;9;10;10;8;9;10;8;10;8;10;5;10;8;8;80;400;100;100;200;100;8;10;5;8;8;10;10;10;10;10;5;5;5;10;10;10;10;10;10;8;10;8;10;10;5;8;10;5;10;10;10;8;8;10;5;6;5;5;5;8;5;5;8;6;6;6;8;5;10;10;5;8;10;5;10;10;10;8;8;6;6;5;5;5;5;3;4;2;1;3;4;7;4;6;6;6;6;6;6;6;2;2;3;6;5;4;4;4;4;4;4;6;3;4;63;1;3;3;4;1;"48155";1
"534352";"Münster";10;10;10;10;10;10;10;8;7;9;8;10;8;9;8;10;8;7;6;8;400;400;200;50;30;150;6;8;7;10;7;6;10;10;10;10;10;9;9;5;10;0;10;7;10;10;10;10;10;10;9;10;10;10;10;10;10;10;0;6;0;7;6;5;0;10;0;10;8;7;2;8;5;8;8;9;1;7;8;0;5;10;10;7;10;7;5;6;2;1;8;3;4;5;7;7;1;3;1;1;7;7;7;1;1;5;5;1;1;5;5;3;2;5;1;6;3;3;4;7;61;1;3;4;3;3;"48301";3
"551299";"Münster";6;7;6;8;5;6;7;6;7;5;6;8;8;7;5;4;5;3;4;5;100;120;450;150;50;100;4;5;6;5;7;3;5;5;7;4;5;7;6;5;7;6;4;8;6;5;6;6;4;5;6;7;6;6;7;8;7;6;5;6;7;6;3;3;3;4;6;7;8;7;6;7;8;7;5;6;5;6;5;6;5;6;5;7;7;2;2;2;2;3;4;3;4;5;6;5;6;6;7;5;4;5;4;4;5;6;6;6;5;7;5;4;3;4;5;4;5;6;5;5;38;2;3;2;1;3;"46359";2
"542732";"Münster";10;7;10;10;10;8;7;10;5;9;5;9;1;8;3;8;5;8;2;7;25;40;0;50;25;20;6;6;3;7;3;7;8;8;7;7;7;5;5;6;8;5;6;8;8;8;8;8;7;5;6;8;4;4;6;8;7;6;8;8;1;8;7;7;7;3;8;5;8;7;3;9;8;4;3;7;7;2;7;6;6;6;5;5;10;1;2;3;1;4;2;3;5;5;5;4;1;4;4;4;2;5;3;6;6;6;4;4;5;5;3;3;6;6;6;4;5;4;5;7;17;2;1;5;2;2;"48429";NA
"553803";"Münster";8;8;8;6;8;10;8;10;10;10;10;10;8;10;7;7;7;7;7;7;NA;1000;NA;200;150;NA;5;5;0;5;0;0;8;10;5;8;8;5;0;8;0;10;10;8;8;8;8;6;9;9;8;10;8;8;10;10;10;10;0;10;0;5;7;7;0;8;0;9;7;4;10;4;8;NA;5;6;8;10;9;0;4;9;9;9;10;7;7;0;0;2;0;1;3;2;7;5;3;4;3;7;4;6;6;2;2;3;2;5;1;6;3;1;1;1;2;1;3;5;4;6;52;2;3;3;3;2;"59494";2
"546881";"Münster";7;6;7;7;6;6;6;5;6;7;6;8;5;6;5;5;5;6;4;6;180;250;200;100;100;80;4;7;7;8;6;7;7;8;5;9;8;8;7;8;2;8;8;7;7;8;8;6;5;7;7;8;8;7;5;7;6;5;3;4;0;4;5;5;4;6;0;7;7;8;8;9;9;6;4;8;10;9;10;4;5;8;4;4;9;0;0;0;0;2;0;3;5;4;3;3;3;6;4;7;5;3;4;2;4;1;2;1;1;4;1;1;1;1;1;1;1;6;3;5;50;1;3;3;3;1;"48155";2
"549823";"Münster";8;7;8;5;7;4;3;5;5;4;4;6;4;4;5;8;4;5;7;7;200;200;600;100;30;50;9;7;7;7;6;6;8;10;5;10;2;2;2;4;3;9;9;8;8;9;9;8;9;10;6;8;8;5;8;10;6;8;0;9;0;8;2;2;2;5;0;6;6;9;5;6;6;6;2;8;2;8;8;2;7;8;9;7;8;0;0;0;4;0;0;3;7;1;1;1;1;7;6;7;5;3;7;5;5;7;3;1;6;7;1;1;4;5;7;1;2;4;1;7;26;1;3;1;2;2;"48143";1
"544775";"Münster";8;8;9;5;7;8;5;9;6;6;5;8;5;7;7;6;5;5;4;2;50;200;800;70;300;30;4;0;4;10;3;9;7;10;6;7;5;6;4;8;3;8;5;5;6;5;6;7;7;7;5;8;5;1;6;9;8;8;1;6;0;5;0;0;0;4;0;5;2;3;3;3;3;2;0;1;7;8;7;0;4;9;8;5;9;0;0;0;0;1;0;3;7;5;1;1;2;4;4;5;2;5;5;1;3;1;1;2;4;3;4;5;2;2;4;2;4;5;6;4;70;2;5;1;1;3;"48485";NA
"543073";"Münster";0;5;0;5;10;10;4;0;0;0;0;6;5;10;0;0;0;0;0;0;140;250;430;50;120;34;6;8;6;8;10;5;8;8;8;8;10;5;0;2;0;10;10;8;0;10;10;3;8;7;4;10;0;0;4;10;10;9;0;2;0;0;10;0;0;0;0;10;10;10;0;10;10;0;4;7;0;10;0;0;4;10;10;3;0;3;3;0;0;0;0;3;2;1;1;1;2;4;1;7;7;5;7;7;5;3;1;1;1;6;1;1;1;2;1;1;1;7;5;5;45;1;3;1;2;4;"48308";1
"545908";"Münster";8;8;8;8;8;8;8;0;0;0;0;10;0;10;10;2;2;2;2;3;500;150;150;150;200;100;0;6;7;1;0;2;10;10;0;10;6;3;8;3;0;10;10;6;6;10;10;10;6;10;10;10;10;0;10;10;10;10;0;0;0;0;0;10;2;10;0;10;10;10;10;10;6;10;6;10;10;0;10;0;4;10;7;7;7;0;0;0;0;0;0;3;7;7;6;7;1;5;2;4;2;4;7;1;2;3;4;6;1;5;7;4;6;4;2;1;7;7;7;7;80;2;5;1;1;1;"48161";NA
"549303";"Münster";7;7;8;7;6;6;4;0;0;0;0;8;0;0;4;8;3;3;5;5;450;0;0;20;40;40;0;2;6;7;7;5;7;7;4;4;3;3;1;0;2;6;4;6;6;7;8;5;7;8;7;8;5;5;7;10;10;10;0;0;0;0;0;10;0;2;0;6;5;5;6;4;8;0;5;8;7;3;8;0;5;10;10;10;5;0;0;0;0;0;0;3;5;3;5;4;1;7;3;3;2;2;4;1;2;3;2;2;2;6;2;2;1;6;3;1;4;3;5;7;20;1;3;1;1;2;"46284";1
"549826";"Münster";7;8;9;8;5;8;5;7;6;7;6;8;6;8;6;7;8;5;4;4;180;50;0;70;150;30;5;6;7;7;5;6;7;8;6;8;5;4;4;4;3;7;6;7;7;6;8;7;7;8;5;9;5;6;7;9;9;8;3;2;2;1;2;1;3;5;4;7;6;5;4;6;7;4;5;6;4;6;6;4;5;7;6;6;8;5;4;0;0;6;2;3;7;6;3;2;4;7;5;6;5;5;6;4;6;4;4;5;3;5;5;3;5;4;4;2;4;5;5;5;20;1;3;1;1;3;"48361";1
